school,sex,age,address,famsize,Pstatus,Medu,Fedu,Mjob,Fjob,reason,guardian,traveltime,studytime,failures,schoolsup,famsup,paid,activities,nursery,higher,internet,romantic,famrel,freetime,goout,Dalc,Walc,health,absences,G1,G2,G3
Gabriel Pereira,Female,18,Urban,Greater Than 3,Apart,Higher Education,Higher Education,At Home,Teacher,Course,Mother,15 To 30 Min,2 To 5 Hours,0,Yes,No,No,No,Yes,Yes,No,No,4,3,4,1,1,3,4,0,11,11
Gabriel Pereira,Female,17,Urban,Greater Than 3,Living Together,Primary Education (4Th Grade),Primary Education (4Th Grade),At Home,Other,Course,Father,Less Than 15 Min,2 To 5 Hours,0,No,Yes,No,No,No,Yes,Yes,No,5,3,3,1,1,3,2,9,11,11
Gabriel Pereira,Female,15,Urban,Less Or Equal To 3,Living Together,Primary Education (4Th Grade),Primary Education (4Th Grade),At Home,Other,Other,Mother,Less Than 15 Min,2 To 5 Hours,0,Yes,No,No,No,Yes,Yes,Yes,No,4,3,2,2,3,3,6,12,13,12
Gabriel Pereira,Female,15,Urban,Greater Than 3,Living Together,Higher Education,5Th To 9Th Grade,Health,Services,Home,Mother,Less Than 15 Min,5 To 10 Hours,0,No,Yes,No,Yes,Yes,Yes,Yes,Yes,3,2,2,1,1,5,0,14,14,14
Gabriel Pereira,Female,16,Urban,Greater Than 3,Living Together,Secondary Education,Secondary Education,Other,Other,Home,Father,Less Than 15 Min,2 To 5 Hours,0,No,Yes,No,No,Yes,Yes,No,No,4,3,2,1,2,5,0,11,13,13
Gabriel Pereira,Male,16,Urban,Less Or Equal To 3,Living Together,Higher Education,Secondary Education,Services,Other,Reputation,Mother,Less Than 15 Min,2 To 5 Hours,0,No,Yes,No,Yes,Yes,Yes,Yes,No,5,4,2,1,2,5,6,12,12,13
Gabriel Pereira,Male,16,Urban,Less Or Equal To 3,Living Together,5Th To 9Th Grade,5Th To 9Th Grade,Other,Other,Home,Mother,Less Than 15 Min,2 To 5 Hours,0,No,No,No,No,Yes,Yes,Yes,No,4,4,4,1,1,3,0,13,12,13
Gabriel Pereira,Female,17,Urban,Greater Than 3,Apart,Higher Education,Higher Education,Other,Teacher,Home,Mother,15 To 30 Min,2 To 5 Hours,0,Yes,Yes,No,No,Yes,Yes,No,No,4,1,4,1,1,1,2,10,13,13
Gabriel Pereira,Male,15,Urban,Less Or Equal To 3,Apart,Secondary Education,5Th To 9Th Grade,Services,Other,Home,Mother,Less Than 15 Min,2 To 5 Hours,0,No,Yes,No,No,Yes,Yes,Yes,No,4,2,2,1,1,1,0,15,16,17
Gabriel Pereira,Male,15,Urban,Greater Than 3,Living Together,Secondary Education,Higher Education,Other,Other,Home,Mother,Less Than 15 Min,2 To 5 Hours,0,No,Yes,No,Yes,Yes,Yes,Yes,No,5,5,1,1,1,5,0,12,12,13
Gabriel Pereira,Female,15,Urban,Greater Than 3,Living Together,Higher Education,Higher Education,Teacher,Health,Reputation,Mother,Less Than 15 Min,2 To 5 Hours,0,No,Yes,No,No,Yes,Yes,Yes,No,3,3,3,1,2,2,2,14,14,14
Gabriel Pereira,Female,15,Urban,Greater Than 3,Living Together,5Th To 9Th Grade,Primary Education (4Th Grade),Services,Other,Reputation,Father,30 Min To 1 Hour,5 To 10 Hours,0,No,Yes,No,Yes,Yes,Yes,Yes,No,5,2,2,1,1,4,0,10,12,13
Gabriel Pereira,Male,15,Urban,Less Or Equal To 3,Living Together,Higher Education,Higher Education,Health,Services,Course,Father,Less Than 15 Min,Less Than 2 Hours,0,No,Yes,No,Yes,Yes,Yes,Yes,No,4,3,3,1,3,5,0,12,13,12
Gabriel Pereira,Male,15,Urban,Greater Than 3,Living Together,Higher Education,Secondary Education,Teacher,Other,Course,Mother,15 To 30 Min,2 To 5 Hours,0,No,Yes,No,No,Yes,Yes,Yes,No,5,4,3,1,2,3,0,12,12,13
Gabriel Pereira,Male,15,Urban,Greater Than 3,Apart,5Th To 9Th Grade,5Th To 9Th Grade,Other,Other,Home,Other,Less Than 15 Min,5 To 10 Hours,0,No,Yes,No,No,Yes,Yes,Yes,Yes,4,5,2,1,1,3,0,14,14,15
Gabriel Pereira,Female,16,Urban,Greater Than 3,Living Together,Higher Education,Higher Education,Health,Other,Home,Mother,Less Than 15 Min,Less Than 2 Hours,0,No,Yes,No,No,Yes,Yes,Yes,No,4,4,4,1,2,2,6,17,17,17
Gabriel Pereira,Female,16,Urban,Greater Than 3,Living Together,Higher Education,Higher Education,Services,Services,Reputation,Mother,Less Than 15 Min,5 To 10 Hours,0,No,Yes,No,Yes,Yes,Yes,Yes,No,3,2,3,1,2,2,10,13,13,14
Gabriel Pereira,Female,16,Urban,Greater Than 3,Living Together,Secondary Education,Secondary Education,Other,Other,Reputation,Mother,30 Min To 1 Hour,2 To 5 Hours,0,Yes,Yes,No,Yes,Yes,Yes,No,No,5,3,2,1,1,4,2,13,14,14
Gabriel Pereira,Male,17,Urban,Greater Than 3,Living Together,Secondary Education,5Th To 9Th Grade,Services,Services,Course,Mother,Less Than 15 Min,Less Than 2 Hours,3,No,Yes,Yes,Yes,Yes,Yes,Yes,No,5,5,5,2,4,5,2,8,8,7
Gabriel Pereira,Male,16,Urban,Less Or Equal To 3,Living Together,Higher Education,Secondary Education,Health,Other,Home,Father,Less Than 15 Min,Less Than 2 Hours,0,No,No,No,Yes,Yes,Yes,Yes,No,3,1,3,1,3,5,6,12,12,12
Gabriel Pereira,Male,15,Urban,Greater Than 3,Living Together,Higher Education,Secondary Education,Teacher,Other,Reputation,Mother,Less Than 15 Min,2 To 5 Hours,0,No,No,No,No,Yes,Yes,Yes,No,4,4,1,1,1,1,0,12,13,14
Gabriel Pereira,Male,15,Urban,Greater Than 3,Living Together,Higher Education,Higher Education,Health,Health,Other,Father,Less Than 15 Min,Less Than 2 Hours,0,No,Yes,Yes,No,Yes,Yes,Yes,No,5,4,2,1,1,5,0,11,12,12
Gabriel Pereira,Male,16,Urban,Less Or Equal To 3,Living Together,Higher Education,5Th To 9Th Grade,Teacher,Other,Course,Mother,Less Than 15 Min,2 To 5 Hours,0,No,No,No,Yes,Yes,Yes,Yes,No,4,5,1,1,3,5,0,12,13,14
Gabriel Pereira,Male,16,Urban,Less Or Equal To 3,Living Together,5Th To 9Th Grade,5Th To 9Th Grade,Other,Other,Reputation,Mother,15 To 30 Min,2 To 5 Hours,0,No,Yes,No,Yes,Yes,Yes,Yes,No,5,4,4,2,4,5,2,10,10,10
Gabriel Pereira,Female,15,Rural,Greater Than 3,Living Together,5Th To 9Th Grade,Higher Education,Services,Health,Course,Mother,Less Than 15 Min,5 To 10 Hours,0,Yes,Yes,No,Yes,Yes,Yes,Yes,No,4,3,2,1,1,5,2,10,11,10
Gabriel Pereira,Female,16,Urban,Greater Than 3,Living Together,5Th To 9Th Grade,5Th To 9Th Grade,Services,Services,Home,Mother,Less Than 15 Min,Less Than 2 Hours,0,No,Yes,No,No,No,Yes,Yes,No,1,2,2,1,3,5,6,10,11,12
Gabriel Pereira,Male,15,Urban,Greater Than 3,Living Together,5Th To 9Th Grade,5Th To 9Th Grade,Other,Other,Home,Mother,Less Than 15 Min,Less Than 2 Hours,0,No,Yes,No,No,Yes,Yes,Yes,No,4,2,2,1,2,5,8,11,12,12
Gabriel Pereira,Male,15,Urban,Greater Than 3,Living Together,Higher Education,5Th To 9Th Grade,Health,Services,Other,Mother,Less Than 15 Min,Less Than 2 Hours,0,No,No,No,No,Yes,Yes,Yes,No,2,2,4,2,4,1,0,11,11,11
Gabriel Pereira,Male,16,Urban,Less Or Equal To 3,Apart,Secondary Education,Higher Education,Services,Other,Home,Mother,Less Than 15 Min,2 To 5 Hours,0,Yes,Yes,Yes,Yes,Yes,Yes,Yes,No,5,3,3,1,1,5,2,12,12,13
Gabriel Pereira,Male,16,Urban,Greater Than 3,Living Together,Higher Education,Higher Education,Teacher,Teacher,Home,Mother,Less Than 15 Min,2 To 5 Hours,0,No,Yes,Yes,Yes,Yes,Yes,Yes,Yes,4,4,5,5,5,5,4,12,11,12
Gabriel Pereira,Male,15,Urban,Greater Than 3,Living Together,Higher Education,Higher Education,Health,Services,Home,Mother,Less Than 15 Min,2 To 5 Hours,0,No,Yes,Yes,No,No,Yes,Yes,No,5,4,2,3,4,5,0,10,11,11
Gabriel Pereira,Male,15,Urban,Greater Than 3,Living Together,Higher Education,Higher Education,Services,Services,Reputation,Mother,15 To 30 Min,2 To 5 Hours,0,No,Yes,No,Yes,Yes,Yes,Yes,No,4,3,1,1,1,5,2,15,15,15
Gabriel Pereira,Male,15,Rural,Greater Than 3,Living Together,Higher Education,Secondary Education,Teacher,At Home,Course,Mother,Less Than 15 Min,2 To 5 Hours,0,No,Yes,No,Yes,Yes,Yes,Yes,Yes,4,5,2,1,1,5,0,13,14,15
Gabriel Pereira,Male,15,Urban,Less Or Equal To 3,Living Together,Secondary Education,Secondary Education,Other,Other,Course,Mother,Less Than 15 Min,2 To 5 Hours,0,No,No,No,Yes,No,Yes,Yes,No,5,3,2,1,1,2,0,13,12,12
Gabriel Pereira,Male,16,Urban,Greater Than 3,Living Together,Secondary Education,5Th To 9Th Grade,Other,Other,Home,Mother,Less Than 15 Min,Less Than 2 Hours,0,No,Yes,No,No,No,Yes,Yes,No,5,4,3,1,1,5,4,12,12,12
Gabriel Pereira,Female,15,Urban,Greater Than 3,Living Together,5Th To 9Th Grade,Secondary Education,Other,Other,Other,Father,15 To 30 Min,Less Than 2 Hours,0,No,Yes,No,Yes,Yes,Yes,No,No,3,5,1,1,1,5,4,11,11,11
Gabriel Pereira,Male,15,Urban,Less Or Equal To 3,Living Together,Higher Education,Secondary Education,Teacher,Services,Home,Mother,Less Than 15 Min,5 To 10 Hours,0,No,Yes,No,Yes,Yes,Yes,Yes,No,5,4,3,1,1,4,0,14,14,14
Gabriel Pereira,Male,16,Rural,Greater Than 3,Apart,Higher Education,Higher Education,Other,Teacher,Reputation,Mother,15 To 30 Min,5 To 10 Hours,0,No,Yes,No,Yes,Yes,Yes,Yes,Yes,2,4,3,1,1,5,4,13,13,13
Gabriel Pereira,Female,15,Rural,Greater Than 3,Living Together,Secondary Education,Higher Education,Services,Health,Course,Mother,Less Than 15 Min,5 To 10 Hours,0,Yes,Yes,No,Yes,Yes,Yes,Yes,No,4,3,2,1,1,5,2,11,12,12
Gabriel Pereira,Female,15,Rural,Greater Than 3,Living Together,5Th To 9Th Grade,5Th To 9Th Grade,At Home,Other,Reputation,Mother,Less Than 15 Min,Less Than 2 Hours,0,Yes,Yes,No,Yes,Yes,Yes,No,No,4,3,1,1,1,2,8,14,13,12
Gabriel Pereira,Female,16,Urban,Less Or Equal To 3,Living Together,5Th To 9Th Grade,5Th To 9Th Grade,Other,Other,Home,Mother,15 To 30 Min,2 To 5 Hours,0,No,Yes,No,Yes,No,Yes,Yes,Yes,3,3,3,1,2,3,16,11,11,10
Gabriel Pereira,Male,15,Urban,Less Or Equal To 3,Living Together,Higher Education,Higher Education,Teacher,Other,Home,Other,Less Than 15 Min,Less Than 2 Hours,0,No,Yes,No,No,No,Yes,Yes,Yes,5,4,3,2,4,5,8,10,11,11
Gabriel Pereira,Male,15,Urban,Greater Than 3,Living Together,Higher Education,Higher Education,Services,Teacher,Course,Father,Less Than 15 Min,2 To 5 Hours,0,No,Yes,No,Yes,Yes,Yes,Yes,No,4,3,3,1,1,5,0,14,15,15
Gabriel Pereira,Male,15,Urban,Greater Than 3,Living Together,5Th To 9Th Grade,5Th To 9Th Grade,Services,Services,Course,Father,Less Than 15 Min,Less Than 2 Hours,0,Yes,Yes,No,No,Yes,Yes,Yes,No,5,4,1,1,1,1,0,9,10,10
Gabriel Pereira,Female,16,Urban,Less Or Equal To 3,Living Together,5Th To 9Th Grade,5Th To 9Th Grade,Other,At Home,Course,Father,15 To 30 Min,2 To 5 Hours,1,Yes,No,No,Yes,Yes,Yes,Yes,No,4,3,3,2,2,5,14,10,11,11
Gabriel Pereira,Female,15,Urban,Less Or Equal To 3,Apart,Higher Education,Secondary Education,Other,Other,Course,Mother,Less Than 15 Min,2 To 5 Hours,0,Yes,Yes,Yes,Yes,Yes,Yes,Yes,Yes,5,2,2,1,1,5,4,10,11,11
Gabriel Pereira,Female,16,Urban,Less Or Equal To 3,Apart,Secondary Education,Secondary Education,Other,Services,Home,Mother,Less Than 15 Min,2 To 5 Hours,0,No,Yes,No,No,Yes,Yes,Yes,No,2,3,5,1,4,3,6,13,12,13
Gabriel Pereira,Male,16,Urban,Greater Than 3,Living Together,Higher Education,Secondary Education,Health,Services,Reputation,Mother,Less Than 15 Min,Greater Than 10 Hours,0,No,No,No,Yes,Yes,Yes,Yes,No,4,2,2,1,1,2,2,17,17,17
Gabriel Pereira,Male,15,Urban,Greater Than 3,Living Together,Higher Education,5Th To 9Th Grade,Teacher,Other,Home,Mother,Less Than 15 Min,2 To 5 Hours,0,No,Yes,No,No,Yes,Yes,No,No,4,3,3,2,2,5,4,11,12,13
Gabriel Pereira,Female,15,Urban,Greater Than 3,Living Together,Higher Education,Higher Education,Services,Teacher,Other,Father,Less Than 15 Min,2 To 5 Hours,0,Yes,Yes,No,Yes,No,Yes,Yes,No,4,4,4,1,1,3,2,13,12,12
Gabriel Pereira,Female,16,Urban,Less Or Equal To 3,Living Together,5Th To 9Th Grade,5Th To 9Th Grade,Services,Services,Course,Mother,30 Min To 1 Hour,2 To 5 Hours,0,No,Yes,No,No,Yes,Yes,Yes,No,4,3,3,2,3,4,0,14,13,13
Gabriel Pereira,Female,15,Urban,Less Or Equal To 3,Living Together,Higher Education,5Th To 9Th Grade,Health,Other,Other,Mother,Less Than 15 Min,2 To 5 Hours,0,No,Yes,No,No,Yes,Yes,Yes,No,4,3,3,1,1,5,0,16,14,16
Gabriel Pereira,Male,15,Urban,Less Or Equal To 3,Apart,Higher Education,5Th To 9Th Grade,Health,Health,Other,Father,15 To 30 Min,Less Than 2 Hours,0,No,No,No,No,Yes,Yes,No,No,5,5,5,3,4,5,4,10,9,9
Gabriel Pereira,Female,15,Urban,Greater Than 3,Living Together,Higher Education,Higher Education,Services,Services,Course,Mother,Less Than 15 Min,Less Than 2 Hours,0,Yes,Yes,No,No,Yes,Yes,Yes,No,3,3,4,2,3,5,0,13,12,12
Gabriel Pereira,Female,15,Urban,Less Or Equal To 3,Apart,Secondary Education,Secondary Education,Other,Other,Other,Mother,Less Than 15 Min,Less Than 2 Hours,0,No,No,No,No,Yes,Yes,Yes,No,5,3,4,4,4,1,0,13,12,13
Gabriel Pereira,Female,16,Urban,Greater Than 3,Apart,5Th To 9Th Grade,Primary Education (4Th Grade),Other,Other,Other,Mother,Less Than 15 Min,2 To 5 Hours,0,No,No,No,Yes,Yes,Yes,Yes,Yes,5,3,4,1,1,2,2,12,13,12
Gabriel Pereira,Female,15,Urban,Greater Than 3,Apart,Higher Education,Secondary Education,Services,Services,Reputation,Mother,Less Than 15 Min,2 To 5 Hours,0,No,Yes,No,Yes,Yes,Yes,Yes,No,4,3,2,1,1,1,0,15,14,15
Gabriel Pereira,Male,15,Urban,Greater Than 3,Living Together,Higher Education,Higher Education,Teacher,Health,Reputation,Mother,Less Than 15 Min,2 To 5 Hours,0,No,Yes,No,Yes,Yes,Yes,No,No,3,2,2,1,1,5,8,15,15,16
Gabriel Pereira,Male,15,Urban,Less Or Equal To 3,Living Together,Primary Education (4Th Grade),5Th To 9Th Grade,Other,At Home,Home,Father,Less Than 15 Min,2 To 5 Hours,0,Yes,Yes,No,Yes,Yes,Yes,Yes,No,4,3,2,1,1,5,0,14,13,14
Gabriel Pereira,Female,16,Urban,Greater Than 3,Living Together,Higher Education,5Th To 9Th Grade,Services,Other,Course,Mother,Less Than 15 Min,2 To 5 Hours,0,No,Yes,Yes,No,Yes,Yes,Yes,No,4,2,3,1,1,5,2,16,15,16
Gabriel Pereira,Female,16,Rural,Greater Than 3,Living Together,Higher Education,Higher Education,Health,Teacher,Other,Mother,Less Than 15 Min,2 To 5 Hours,0,No,Yes,No,Yes,Yes,Yes,No,No,2,4,4,2,3,4,0,17,16,16
Gabriel Pereira,Female,16,Urban,Greater Than 3,Living Together,Primary Education (4Th Grade),Primary Education (4Th Grade),Services,Services,Course,Father,Greater Than 1 Hour,Less Than 2 Hours,0,Yes,Yes,No,Yes,No,Yes,Yes,Yes,5,5,5,5,5,5,0,10,10,16
Gabriel Pereira,Female,16,Urban,Less Or Equal To 3,Living Together,Primary Education (4Th Grade),5Th To 9Th Grade,Other,Services,Reputation,Father,Less Than 15 Min,2 To 5 Hours,0,Yes,No,No,Yes,Yes,Yes,Yes,No,4,4,3,1,1,1,0,13,13,10
Gabriel Pereira,Female,16,Urban,Greater Than 3,Living Together,Higher Education,Secondary Education,Teacher,Health,Home,Mother,Less Than 15 Min,5 To 10 Hours,0,Yes,Yes,No,Yes,Yes,Yes,Yes,No,3,4,4,2,4,4,0,14,13,13
Gabriel Pereira,Female,15,Urban,Less Or Equal To 3,Living Together,Higher Education,Secondary Education,Services,Services,Reputation,Father,Less Than 15 Min,2 To 5 Hours,0,Yes,No,No,Yes,Yes,Yes,Yes,Yes,4,4,4,2,4,2,0,13,12,12
Gabriel Pereira,Female,16,Urban,Less Or Equal To 3,Living Together,Higher Education,Secondary Education,Teacher,Services,Course,Mother,30 Min To 1 Hour,2 To 5 Hours,0,No,Yes,No,Yes,Yes,Yes,Yes,No,5,4,3,1,2,1,2,16,15,16
Gabriel Pereira,Male,15,Urban,Greater Than 3,Apart,Higher Education,Higher Education,Other,Services,Reputation,Mother,Less Than 15 Min,Greater Than 10 Hours,0,No,Yes,No,Yes,No,Yes,Yes,Yes,1,3,3,5,5,3,0,11,12,12
Gabriel Pereira,Female,16,Urban,Greater Than 3,Living Together,Secondary Education,Primary Education (4Th Grade),Services,Other,Course,Mother,Less Than 15 Min,Greater Than 10 Hours,0,Yes,Yes,No,No,Yes,Yes,Yes,No,4,3,3,1,2,5,0,10,9,10
Gabriel Pereira,Female,15,Rural,Less Or Equal To 3,Living Together,5Th To 9Th Grade,5Th To 9Th Grade,Health,Services,Reputation,Mother,15 To 30 Min,2 To 5 Hours,0,Yes,Yes,No,No,Yes,Yes,Yes,No,4,1,3,1,3,4,0,11,10,11
Gabriel Pereira,Female,15,Rural,Less Or Equal To 3,Living Together,Secondary Education,Primary Education (4Th Grade),Other,Other,Reputation,Father,15 To 30 Min,Greater Than 10 Hours,0,No,Yes,No,No,No,Yes,Yes,No,4,4,2,2,3,3,6,15,15,15
Gabriel Pereira,Male,16,Urban,Greater Than 3,Living Together,Secondary Education,Primary Education (4Th Grade),Other,Other,Reputation,Father,15 To 30 Min,Greater Than 10 Hours,0,No,Yes,No,No,Yes,Yes,Yes,No,4,3,2,1,1,5,2,13,11,11
Gabriel Pereira,Male,15,Urban,Greater Than 3,Living Together,Higher Education,5Th To 9Th Grade,Other,Other,Course,Mother,Less Than 15 Min,Greater Than 10 Hours,0,No,No,No,No,Yes,Yes,Yes,No,3,3,3,1,1,3,0,11,9,10
Gabriel Pereira,Female,15,Rural,Greater Than 3,Living Together,Primary Education (4Th Grade),Primary Education (4Th Grade),Other,Other,Reputation,Mother,Less Than 15 Min,2 To 5 Hours,0,Yes,Yes,No,No,No,Yes,Yes,Yes,3,3,4,2,4,5,2,13,11,11
Gabriel Pereira,Male,16,Urban,Greater Than 3,Living Together,Secondary Education,Primary Education (4Th Grade),Other,Other,Reputation,Mother,Less Than 15 Min,Less Than 2 Hours,0,No,No,No,Yes,Yes,Yes,No,No,5,3,2,2,2,5,0,13,13,14
Gabriel Pereira,Female,16,Urban,Greater Than 3,Living Together,Secondary Education,Secondary Education,Other,Services,Home,Mother,Less Than 15 Min,2 To 5 Hours,0,Yes,Yes,No,Yes,Yes,Yes,Yes,No,4,3,3,2,4,5,4,11,11,11
Gabriel Pereira,Male,15,Urban,Greater Than 3,Living Together,Higher Education,Secondary Education,Teacher,Other,Home,Mother,Less Than 15 Min,2 To 5 Hours,0,No,Yes,No,Yes,Yes,Yes,Yes,No,4,3,3,2,3,5,0,11,11,11
Gabriel Pereira,Male,15,Urban,Greater Than 3,Living Together,Higher Education,None,Teacher,Other,Course,Mother,15 To 30 Min,Greater Than 10 Hours,0,No,No,No,Yes,Yes,Yes,Yes,No,3,4,3,1,1,1,0,12,11,11
Gabriel Pereira,Female,16,Urban,Greater Than 3,Living Together,5Th To 9Th Grade,5Th To 9Th Grade,Other,Other,Reputation,Mother,Less Than 15 Min,Greater Than 10 Hours,0,No,No,No,No,Yes,Yes,Yes,Yes,5,2,3,1,3,3,1,13,13,13
Gabriel Pereira,Male,17,Urban,Greater Than 3,Living Together,5Th To 9Th Grade,Primary Education (4Th Grade),Other,Other,Home,Mother,15 To 30 Min,Less Than 2 Hours,3,Yes,Yes,No,Yes,Yes,No,Yes,No,4,5,1,1,1,3,0,9,9,10
Gabriel Pereira,Female,16,Urban,Greater Than 3,Living Together,Secondary Education,Higher Education,At Home,Other,Course,Mother,Less Than 15 Min,2 To 5 Hours,0,No,Yes,No,No,Yes,Yes,Yes,No,2,4,3,1,2,3,14,12,11,11
Gabriel Pereira,Male,15,Urban,Greater Than 3,Living Together,5Th To 9Th Grade,Secondary Education,Other,Services,Course,Father,Less Than 15 Min,Less Than 2 Hours,0,Yes,Yes,No,Yes,No,Yes,Yes,Yes,3,2,2,1,3,3,0,11,11,12
Gabriel Pereira,Male,15,Urban,Greater Than 3,Living Together,5Th To 9Th Grade,Secondary Education,Other,Other,Home,Mother,Less Than 15 Min,5 To 10 Hours,0,Yes,No,No,No,No,Yes,Yes,No,5,3,2,1,2,5,2,10,9,9
Gabriel Pereira,Female,15,Urban,Less Or Equal To 3,Living Together,Secondary Education,5Th To 9Th Grade,Services,Other,Reputation,Mother,Less Than 15 Min,2 To 5 Hours,0,No,Yes,No,No,Yes,Yes,Yes,No,4,4,4,1,1,5,4,12,11,11
Gabriel Pereira,Male,15,Urban,Less Or Equal To 3,Living Together,5Th To 9Th Grade,5Th To 9Th Grade,Services,Services,Home,Mother,15 To 30 Min,2 To 5 Hours,0,No,No,Yes,Yes,Yes,Yes,Yes,No,5,3,3,1,3,4,2,13,12,13
Gabriel Pereira,Female,15,Urban,Greater Than 3,Living Together,Primary Education (4Th Grade),Primary Education (4Th Grade),Other,Other,Home,Father,Less Than 15 Min,2 To 5 Hours,0,No,Yes,No,Yes,No,Yes,Yes,No,4,3,2,2,3,4,2,13,12,12
Gabriel Pereira,Female,15,Urban,Greater Than 3,Living Together,Higher Education,Higher Education,Services,Services,Reputation,Father,15 To 30 Min,2 To 5 Hours,0,No,No,No,No,Yes,Yes,Yes,Yes,4,4,4,2,3,5,4,12,11,12
Gabriel Pereira,Female,16,Urban,Less Or Equal To 3,Living Together,5Th To 9Th Grade,5Th To 9Th Grade,At Home,Other,Course,Mother,Less Than 15 Min,2 To 5 Hours,0,No,Yes,No,No,Yes,Yes,No,No,4,3,4,1,2,2,6,13,11,11
Gabriel Pereira,Female,15,Urban,Greater Than 3,Living Together,Higher Education,5Th To 9Th Grade,Other,Other,Reputation,Mother,Less Than 15 Min,5 To 10 Hours,0,No,Yes,No,Yes,Yes,Yes,Yes,No,5,3,3,1,3,1,4,15,15,15
Gabriel Pereira,Male,16,Urban,Greater Than 3,Living Together,5Th To 9Th Grade,5Th To 9Th Grade,Services,Other,Reputation,Father,15 To 30 Min,2 To 5 Hours,0,No,No,No,Yes,No,Yes,Yes,No,4,4,2,1,1,3,6,12,10,11
Gabriel Pereira,Male,16,Urban,Less Or Equal To 3,Apart,Higher Education,Higher Education,Teacher,Health,Reputation,Mother,Less Than 15 Min,2 To 5 Hours,0,No,Yes,No,No,Yes,Yes,No,No,4,1,3,3,5,5,6,9,9,10
Gabriel Pereira,Female,16,Urban,Greater Than 3,Living Together,Secondary Education,Secondary Education,Other,Other,Home,Mother,Less Than 15 Min,5 To 10 Hours,0,No,Yes,No,No,Yes,Yes,Yes,Yes,4,3,3,1,3,4,2,9,11,11
Gabriel Pereira,Female,15,Urban,Greater Than 3,Living Together,Higher Education,Secondary Education,Services,Other,Reputation,Mother,Less Than 15 Min,Less Than 2 Hours,0,No,No,No,Yes,Yes,Yes,Yes,No,4,5,5,1,3,1,6,14,13,13
Gabriel Pereira,Female,16,Urban,Less Or Equal To 3,Living Together,Secondary Education,Primary Education (4Th Grade),Other,Other,Home,Father,Less Than 15 Min,2 To 5 Hours,0,Yes,Yes,No,No,Yes,Yes,No,No,3,3,3,2,3,2,0,12,13,12
Gabriel Pereira,Female,16,Urban,Greater Than 3,Living Together,Higher Education,5Th To 9Th Grade,Teacher,Services,Home,Mother,15 To 30 Min,2 To 5 Hours,0,No,Yes,No,Yes,Yes,Yes,Yes,No,5,3,3,1,1,1,2,13,14,14
Gabriel Pereira,Male,15,Urban,Less Or Equal To 3,Living Together,5Th To 9Th Grade,5Th To 9Th Grade,Services,Health,Reputation,Mother,Less Than 15 Min,Greater Than 10 Hours,0,No,Yes,No,Yes,Yes,Yes,Yes,No,4,3,4,1,1,4,2,11,12,12
Gabriel Pereira,Female,15,Rural,Greater Than 3,Living Together,Primary Education (4Th Grade),Primary Education (4Th Grade),At Home,Other,Home,Mother,15 To 30 Min,Greater Than 10 Hours,0,Yes,Yes,Yes,Yes,Yes,Yes,Yes,No,3,1,2,1,1,1,4,13,13,13
Gabriel Pereira,Male,16,Rural,Greater Than 3,Living Together,Higher Education,Secondary Education,Services,Other,Reputation,Mother,15 To 30 Min,Less Than 2 Hours,0,Yes,Yes,Yes,Yes,No,Yes,Yes,No,3,3,3,1,1,4,6,9,11,11
Gabriel Pereira,Female,16,Urban,Greater Than 3,Living Together,5Th To 9Th Grade,Primary Education (4Th Grade),Other,Other,Course,Mother,Less Than 15 Min,2 To 5 Hours,0,No,Yes,No,No,Yes,Yes,No,Yes,4,3,5,1,1,5,0,13,12,12
Gabriel Pereira,Female,16,Urban,Greater Than 3,Living Together,Higher Education,Higher Education,Other,Other,Reputation,Mother,Less Than 15 Min,Less Than 2 Hours,0,No,No,No,Yes,No,Yes,Yes,No,5,3,4,1,2,1,4,12,13,13
Gabriel Pereira,Female,16,Urban,Greater Than 3,Living Together,Higher Education,Secondary Education,Other,At Home,Course,Mother,Less Than 15 Min,5 To 10 Hours,0,Yes,Yes,No,No,Yes,Yes,Yes,No,5,3,5,1,1,3,2,12,13,13
Gabriel Pereira,Male,16,Urban,Greater Than 3,Living Together,Higher Education,Higher Education,Services,Services,Other,Mother,Less Than 15 Min,Less Than 2 Hours,0,Yes,Yes,No,Yes,Yes,Yes,Yes,No,4,5,5,5,5,4,12,9,9,8
Gabriel Pereira,Male,16,Urban,Greater Than 3,Living Together,Higher Education,Higher Education,Services,Teacher,Other,Father,Less Than 15 Min,5 To 10 Hours,0,No,Yes,No,Yes,Yes,Yes,Yes,Yes,4,4,3,1,1,4,0,16,16,16
Gabriel Pereira,Male,15,Urban,Greater Than 3,Living Together,Higher Education,Higher Education,Services,Other,Course,Mother,Less Than 15 Min,Less Than 2 Hours,0,No,Yes,Yes,Yes,No,Yes,Yes,No,5,3,3,1,1,5,2,12,13,12
Gabriel Pereira,Female,15,Urban,Greater Than 3,Living Together,Secondary Education,5Th To 9Th Grade,Services,Other,Home,Mother,15 To 30 Min,2 To 5 Hours,0,Yes,Yes,No,No,Yes,Yes,Yes,No,4,3,5,1,1,2,16,11,10,10
Gabriel Pereira,Male,15,Urban,Greater Than 3,Apart,Secondary Education,Higher Education,Services,Other,Course,Mother,Less Than 15 Min,2 To 5 Hours,0,No,Yes,No,Yes,Yes,Yes,Yes,No,5,4,4,1,1,1,0,16,16,16
Gabriel Pereira,Female,15,Urban,Greater Than 3,Apart,Secondary Education,Secondary Education,Other,Health,Reputation,Father,Less Than 15 Min,Greater Than 10 Hours,0,Yes,No,No,No,Yes,Yes,No,No,4,3,3,1,1,4,10,10,10,10
Gabriel Pereira,Female,15,Urban,Greater Than 3,Living Together,5Th To 9Th Grade,5Th To 9Th Grade,Other,Other,Course,Mother,Less Than 15 Min,Greater Than 10 Hours,0,Yes,Yes,No,No,Yes,Yes,Yes,No,5,1,2,1,1,3,4,10,10,10
Gabriel Pereira,Male,16,Urban,Greater Than 3,Living Together,Secondary Education,Secondary Education,Services,Other,Home,Father,Less Than 15 Min,5 To 10 Hours,0,No,Yes,No,Yes,Yes,Yes,Yes,No,5,3,3,1,1,5,4,13,14,14
Gabriel Pereira,Male,15,Rural,Greater Than 3,Living Together,Higher Education,Higher Education,Other,Other,Home,Father,Greater Than 1 Hour,Greater Than 10 Hours,0,No,Yes,No,Yes,Yes,Yes,Yes,Yes,1,3,5,3,5,1,8,12,10,11
Gabriel Pereira,Female,16,Urban,Less Or Equal To 3,Living Together,Higher Education,Higher Education,Health,Health,Other,Mother,Less Than 15 Min,5 To 10 Hours,0,No,Yes,No,Yes,Yes,Yes,Yes,Yes,5,4,5,1,1,4,2,15,15,14
Gabriel Pereira,Male,15,Urban,Less Or Equal To 3,Apart,Higher Education,Higher Education,Teacher,Teacher,Course,Mother,Less Than 15 Min,Less Than 2 Hours,0,No,No,No,Yes,Yes,Yes,Yes,No,5,5,3,1,1,4,4,13,14,14
Gabriel Pereira,Female,16,Rural,Greater Than 3,Living Together,Secondary Education,Secondary Education,Services,Other,Reputation,Father,Less Than 15 Min,5 To 10 Hours,0,Yes,Yes,No,Yes,Yes,Yes,Yes,No,4,1,2,1,1,2,4,11,11,11
Gabriel Pereira,Female,16,Urban,Greater Than 3,Living Together,5Th To 9Th Grade,5Th To 9Th Grade,At Home,Other,Home,Mother,Less Than 15 Min,2 To 5 Hours,1,Yes,No,No,Yes,Yes,Yes,Yes,No,3,1,2,1,1,5,12,8,10,10
Gabriel Pereira,Male,15,Urban,Less Or Equal To 3,Living Together,Higher Education,5Th To 9Th Grade,Teacher,Other,Course,Mother,Less Than 15 Min,Less Than 2 Hours,0,No,No,No,No,Yes,Yes,Yes,No,3,5,2,1,1,3,10,18,17,18
Gabriel Pereira,Male,15,Rural,Greater Than 3,Living Together,5Th To 9Th Grade,Primary Education (4Th Grade),Health,Services,Reputation,Mother,Less Than 15 Min,2 To 5 Hours,0,No,No,No,Yes,Yes,Yes,Yes,Yes,5,4,2,1,1,5,4,10,9,10
Gabriel Pereira,Male,16,Urban,Greater Than 3,Living Together,Higher Education,Higher Education,Teacher,Teacher,Course,Father,Less Than 15 Min,2 To 5 Hours,0,No,Yes,No,Yes,Yes,Yes,Yes,No,5,4,4,1,2,5,6,16,14,14
Gabriel Pereira,Male,15,Urban,Greater Than 3,Living Together,Higher Education,Higher Education,Other,Teacher,Reputation,Father,15 To 30 Min,2 To 5 Hours,0,No,Yes,No,Yes,Yes,Yes,No,No,4,4,3,1,1,2,4,16,15,16
Gabriel Pereira,Male,16,Urban,Greater Than 3,Living Together,Secondary Education,Secondary Education,Other,Services,Home,Father,15 To 30 Min,Less Than 2 Hours,0,No,No,No,Yes,Yes,Yes,Yes,No,5,4,2,1,1,5,6,14,14,15
Gabriel Pereira,Male,17,Rural,Greater Than 3,Living Together,Primary Education (4Th Grade),Secondary Education,Other,Other,Course,Father,30 Min To 1 Hour,2 To 5 Hours,1,No,Yes,No,Yes,Yes,Yes,Yes,No,5,2,4,1,4,5,14,12,11,11
Gabriel Pereira,Male,15,Urban,Greater Than 3,Living Together,Secondary Education,Higher Education,Other,Other,Reputation,Father,Less Than 15 Min,Less Than 2 Hours,0,No,No,No,No,Yes,Yes,Yes,No,3,4,3,1,2,4,2,14,13,14
Gabriel Pereira,Female,15,Urban,Greater Than 3,Living Together,Primary Education (4Th Grade),5Th To 9Th Grade,At Home,Services,Course,Mother,Less Than 15 Min,2 To 5 Hours,0,No,No,No,No,No,Yes,Yes,No,3,2,3,1,2,1,0,14,14,14
Gabriel Pereira,Male,15,Urban,Greater Than 3,Living Together,5Th To 9Th Grade,5Th To 9Th Grade,Services,Services,Home,Father,Less Than 15 Min,Greater Than 10 Hours,0,No,Yes,No,Yes,Yes,Yes,Yes,No,5,5,4,1,2,5,6,14,13,13
Gabriel Pereira,Female,16,Urban,Less Or Equal To 3,Living Together,5Th To 9Th Grade,Higher Education,Other,Health,Course,Father,15 To 30 Min,2 To 5 Hours,0,No,Yes,No,Yes,Yes,Yes,Yes,Yes,4,2,2,1,2,5,2,14,12,13
Gabriel Pereira,Male,16,Urban,Greater Than 3,Living Together,Higher Education,Higher Education,Health,Other,Course,Mother,Less Than 15 Min,Less Than 2 Hours,0,No,Yes,No,Yes,Yes,Yes,Yes,No,3,4,4,1,4,5,4,12,13,13
Gabriel Pereira,Female,16,Urban,Greater Than 3,Living Together,5Th To 9Th Grade,5Th To 9Th Grade,Other,Other,Home,Mother,Less Than 15 Min,2 To 5 Hours,0,No,No,No,No,Yes,Yes,Yes,Yes,5,4,4,1,1,5,0,12,11,11
Gabriel Pereira,Male,15,Urban,Greater Than 3,Living Together,Secondary Education,Higher Education,Services,Services,Home,Father,Less Than 15 Min,Less Than 2 Hours,0,Yes,No,No,No,Yes,Yes,Yes,No,5,5,5,3,2,5,2,9,9,9
Gabriel Pereira,Female,15,Urban,Less Or Equal To 3,Apart,Secondary Education,Higher Education,Other,Other,Home,Mother,Less Than 15 Min,2 To 5 Hours,0,Yes,No,No,Yes,Yes,Yes,Yes,Yes,5,3,2,1,1,1,0,10,11,11
Gabriel Pereira,Female,19,Urban,Greater Than 3,Living Together,None,Primary Education (4Th Grade),At Home,Other,Course,Other,Less Than 15 Min,2 To 5 Hours,2,No,Yes,No,No,No,No,No,No,3,4,2,1,1,5,0,9,10,11
Gabriel Pereira,Male,16,Rural,Greater Than 3,Living Together,Higher Education,Higher Education,Teacher,Teacher,Course,Mother,Less Than 15 Min,Less Than 2 Hours,0,No,No,No,Yes,Yes,Yes,Yes,No,3,5,5,2,5,4,8,14,14,15
Gabriel Pereira,Male,16,Urban,Greater Than 3,Living Together,5Th To 9Th Grade,Secondary Education,Other,Other,Course,Mother,15 To 30 Min,5 To 10 Hours,0,No,Yes,No,No,No,Yes,Yes,Yes,3,2,3,2,2,1,4,13,12,13
Gabriel Pereira,Female,15,Rural,Greater Than 3,Living Together,Secondary Education,Higher Education,Services,Teacher,Course,Father,15 To 30 Min,5 To 10 Hours,0,No,Yes,No,No,Yes,Yes,Yes,Yes,4,2,2,2,2,5,0,10,11,12
Gabriel Pereira,Female,18,Urban,Greater Than 3,Living Together,5Th To 9Th Grade,Primary Education (4Th Grade),Services,Other,Reputation,Mother,Less Than 15 Min,2 To 5 Hours,3,No,Yes,No,Yes,Yes,No,Yes,Yes,5,4,5,1,3,5,10,10,9,8
Gabriel Pereira,Female,17,Urban,Less Or Equal To 3,Apart,5Th To 9Th Grade,Primary Education (4Th Grade),Other,Other,Course,Mother,30 Min To 1 Hour,Less Than 2 Hours,0,No,Yes,No,No,Yes,Yes,Yes,No,3,2,2,1,2,5,8,11,10,11
Gabriel Pereira,Female,15,Urban,Greater Than 3,Living Together,Primary Education (4Th Grade),Primary Education (4Th Grade),At Home,Other,Course,Mother,30 Min To 1 Hour,Less Than 2 Hours,0,No,Yes,No,Yes,No,Yes,Yes,Yes,4,3,3,1,2,4,6,11,12,13
Gabriel Pereira,Female,17,Urban,Less Or Equal To 3,Living Together,5Th To 9Th Grade,5Th To 9Th Grade,Other,Other,Course,Father,Less Than 15 Min,Less Than 2 Hours,0,No,Yes,No,No,Yes,Yes,Yes,Yes,3,4,4,1,3,5,2,13,12,12
Gabriel Pereira,Female,16,Urban,Greater Than 3,Apart,Secondary Education,Higher Education,Services,Other,Course,Father,Less Than 15 Min,Less Than 2 Hours,0,No,No,No,No,Yes,Yes,Yes,No,3,2,1,1,4,5,12,15,13,14
Gabriel Pereira,Male,16,Urban,Greater Than 3,Living Together,5Th To 9Th Grade,Primary Education (4Th Grade),At Home,Other,Course,Mother,Greater Than 1 Hour,Less Than 2 Hours,0,No,No,No,No,Yes,Yes,No,No,3,2,1,1,1,2,4,9,9,11
Gabriel Pereira,Female,16,Urban,Greater Than 3,Apart,5Th To 9Th Grade,5Th To 9Th Grade,Other,Other,Home,Mother,Less Than 15 Min,Less Than 2 Hours,1,No,No,No,No,Yes,Yes,No,No,5,3,4,1,1,5,12,13,11,11
Gabriel Pereira,Male,15,Rural,Greater Than 3,Living Together,Secondary Education,Higher Education,At Home,Teacher,Course,Mother,Greater Than 1 Hour,2 To 5 Hours,0,No,Yes,No,No,Yes,Yes,No,Yes,5,3,3,1,1,5,2,12,11,11
Gabriel Pereira,Female,15,Urban,Greater Than 3,Living Together,Higher Education,Higher Education,Services,At Home,Course,Mother,Less Than 15 Min,5 To 10 Hours,0,No,Yes,No,Yes,Yes,Yes,Yes,Yes,4,3,3,1,1,5,4,13,14,15
Gabriel Pereira,Male,17,Rural,Greater Than 3,Living Together,Secondary Education,Higher Education,At Home,Other,Course,Mother,30 Min To 1 Hour,2 To 5 Hours,0,No,No,No,No,Yes,Yes,No,No,5,4,5,2,4,5,2,10,9,10
Gabriel Pereira,Female,16,Rural,Greater Than 3,Living Together,Primary Education (4Th Grade),Primary Education (4Th Grade),At Home,Other,Course,Mother,Greater Than 1 Hour,2 To 5 Hours,0,No,Yes,No,No,Yes,Yes,No,No,5,1,3,1,1,3,0,14,13,13
Gabriel Pereira,Male,18,Urban,Less Or Equal To 3,Living Together,Secondary Education,Primary Education (4Th Grade),Services,Services,Course,Mother,15 To 30 Min,Less Than 2 Hours,0,No,No,No,Yes,Yes,Yes,Yes,Yes,3,3,4,4,5,4,2,11,11,12
Gabriel Pereira,Female,18,Urban,Greater Than 3,Apart,Secondary Education,5Th To 9Th Grade,Other,Services,Course,Other,Less Than 15 Min,5 To 10 Hours,0,No,Yes,No,Yes,No,Yes,Yes,Yes,4,3,3,5,1,5,10,12,11,11
Gabriel Pereira,Female,16,Rural,Greater Than 3,Living Together,Primary Education (4Th Grade),Primary Education (4Th Grade),Other,Services,Reputation,Mother,15 To 30 Min,Less Than 2 Hours,0,No,Yes,No,Yes,Yes,Yes,No,Yes,3,3,3,1,2,1,8,12,11,11
Gabriel Pereira,Female,16,Urban,Greater Than 3,Apart,Secondary Education,Secondary Education,Other,Other,Course,Other,15 To 30 Min,Less Than 2 Hours,0,No,Yes,No,Yes,No,Yes,Yes,Yes,4,3,2,1,1,5,4,9,9,10
Gabriel Pereira,Male,16,Urban,Less Or Equal To 3,Living Together,Primary Education (4Th Grade),Primary Education (4Th Grade),Services,Other,Course,Mother,Less Than 15 Min,2 To 5 Hours,2,No,No,No,No,Yes,Yes,No,Yes,4,4,4,1,3,5,0,10,10,10
Gabriel Pereira,Female,15,Urban,Greater Than 3,Living Together,Higher Education,Higher Education,Teacher,Teacher,Course,Mother,15 To 30 Min,Less Than 2 Hours,0,No,No,No,Yes,Yes,Yes,Yes,No,4,3,2,1,1,5,6,13,14,14
Gabriel Pereira,Female,15,Rural,Greater Than 3,Living Together,Primary Education (4Th Grade),Primary Education (4Th Grade),Other,Other,Course,Mother,30 Min To 1 Hour,Less Than 2 Hours,1,No,No,No,Yes,Yes,Yes,Yes,Yes,5,5,5,1,1,1,2,8,9,9
Gabriel Pereira,Male,15,Urban,Greater Than 3,Living Together,Higher Education,Secondary Education,Teacher,Services,Course,Father,15 To 30 Min,Greater Than 10 Hours,0,Yes,Yes,No,No,Yes,Yes,Yes,No,2,2,2,1,1,3,6,9,11,11
Gabriel Pereira,Female,15,Urban,Greater Than 3,Apart,Secondary Education,Secondary Education,Services,Services,Home,Mother,Less Than 15 Min,2 To 5 Hours,0,No,No,No,No,No,Yes,No,Yes,1,3,2,2,3,1,24,9,8,9
Gabriel Pereira,Male,16,Urban,Greater Than 3,Living Together,Higher Education,Higher Education,Services,Services,Course,Mother,Less Than 15 Min,5 To 10 Hours,0,No,Yes,No,Yes,Yes,Yes,Yes,No,5,3,3,1,3,5,0,15,13,13
Gabriel Pereira,Male,16,Urban,Less Or Equal To 3,Living Together,5Th To 9Th Grade,5Th To 9Th Grade,Services,Services,Reputation,Father,15 To 30 Min,Less Than 2 Hours,0,No,Yes,No,Yes,Yes,Yes,Yes,No,2,3,3,2,2,2,4,12,11,11
Gabriel Pereira,Female,15,Urban,Greater Than 3,Living Together,Higher Education,Higher Education,Teacher,Services,Course,Mother,Less Than 15 Min,5 To 10 Hours,0,No,Yes,No,Yes,Yes,Yes,Yes,No,4,2,2,1,1,5,2,13,13,13
Gabriel Pereira,Female,16,Urban,Less Or Equal To 3,Living Together,Primary Education (4Th Grade),Primary Education (4Th Grade),At Home,At Home,Course,Mother,Less Than 15 Min,Less Than 2 Hours,0,No,No,No,No,Yes,Yes,Yes,No,3,4,4,3,3,1,4,10,11,11
Gabriel Pereira,Male,17,Urban,Greater Than 3,Living Together,5Th To 9Th Grade,Primary Education (4Th Grade),Other,Other,Home,Mother,Less Than 15 Min,Less Than 2 Hours,0,No,Yes,No,No,Yes,Yes,Yes,No,5,4,5,1,2,5,22,9,7,6
Gabriel Pereira,Female,15,Urban,Greater Than 3,Living Together,Primary Education (4Th Grade),Primary Education (4Th Grade),Other,Services,Course,Father,Less Than 15 Min,2 To 5 Hours,0,No,Yes,No,No,Yes,Yes,Yes,No,4,4,2,1,2,5,0,12,12,12
Gabriel Pereira,Female,15,Urban,Less Or Equal To 3,Apart,5Th To 9Th Grade,Primary Education (4Th Grade),At Home,Other,Home,Mother,15 To 30 Min,Less Than 2 Hours,0,No,Yes,No,Yes,Yes,No,Yes,Yes,4,4,2,1,1,5,0,11,10,10
Gabriel Pereira,Female,15,Urban,Greater Than 3,Living Together,Secondary Education,5Th To 9Th Grade,Health,Services,Home,Father,Less Than 15 Min,2 To 5 Hours,1,No,Yes,No,No,Yes,Yes,Yes,No,3,3,2,1,1,3,2,11,11,11
Gabriel Pereira,Female,15,Urban,Greater Than 3,Living Together,Primary Education (4Th Grade),5Th To 9Th Grade,At Home,Other,Course,Mother,Less Than 15 Min,2 To 5 Hours,0,No,Yes,No,No,No,Yes,Yes,No,4,3,2,1,1,5,6,13,12,13
Gabriel Pereira,Female,15,Urban,Greater Than 3,Living Together,Primary Education (4Th Grade),5Th To 9Th Grade,At Home,Services,Course,Father,Less Than 15 Min,2 To 5 Hours,0,No,No,No,No,No,Yes,No,Yes,2,3,4,2,4,1,6,11,11,11
Gabriel Pereira,Male,16,Urban,Greater Than 3,Living Together,Higher Education,Higher Education,Teacher,Teacher,Course,Mother,Less Than 15 Min,Less Than 2 Hours,0,No,Yes,No,No,Yes,No,Yes,Yes,3,3,2,2,1,5,16,9,9,8
Gabriel Pereira,Male,15,Urban,Less Or Equal To 3,Apart,5Th To 9Th Grade,Primary Education (4Th Grade),Services,Other,Course,Mother,Greater Than 1 Hour,Less Than 2 Hours,0,No,No,No,No,Yes,Yes,Yes,No,4,5,5,2,5,5,0,12,11,11
Gabriel Pereira,Male,18,Urban,Less Or Equal To 3,Living Together,Primary Education (4Th Grade),Primary Education (4Th Grade),Other,Other,Course,Mother,Less Than 15 Min,Less Than 2 Hours,2,No,No,No,No,Yes,No,Yes,Yes,2,3,5,2,5,4,0,11,9,0
Gabriel Pereira,Male,16,Urban,Less Or Equal To 3,Living Together,5Th To 9Th Grade,Primary Education (4Th Grade),At Home,Other,Course,Mother,Less Than 15 Min,Less Than 2 Hours,1,No,No,No,Yes,Yes,Yes,No,Yes,4,4,4,3,5,5,6,9,10,10
Gabriel Pereira,Female,15,Rural,Greater Than 3,Living Together,Secondary Education,Secondary Education,Services,Services,Reputation,Other,15 To 30 Min,5 To 10 Hours,0,No,Yes,Yes,Yes,Yes,Yes,Yes,Yes,4,2,1,2,3,3,2,13,13,13
Gabriel Pereira,Male,19,Urban,Greater Than 3,Living Together,Secondary Education,5Th To 9Th Grade,Services,At Home,Home,Mother,Less Than 15 Min,Less Than 2 Hours,0,No,Yes,No,No,Yes,No,Yes,Yes,4,5,4,1,1,4,6,11,9,11
Gabriel Pereira,Female,17,Urban,Greater Than 3,Living Together,Higher Education,Higher Education,Other,Teacher,Course,Mother,Less Than 15 Min,Less Than 2 Hours,0,Yes,Yes,No,No,Yes,Yes,No,Yes,4,2,1,1,1,4,0,13,13,13
Gabriel Pereira,Male,15,Rural,Greater Than 3,Living Together,5Th To 9Th Grade,Secondary Education,At Home,Services,Course,Mother,Less Than 15 Min,2 To 5 Hours,0,Yes,No,Yes,Yes,Yes,Yes,No,No,4,4,4,1,1,1,0,7,8,8
Gabriel Pereira,Male,17,Rural,Less Or Equal To 3,Living Together,Primary Education (4Th Grade),5Th To 9Th Grade,Other,Other,Reputation,Mother,Less Than 15 Min,Less Than 2 Hours,3,No,No,No,No,Yes,Yes,No,No,2,2,2,3,3,5,14,9,8,10
Gabriel Pereira,Female,18,Rural,Greater Than 3,Living Together,Primary Education (4Th Grade),Primary Education (4Th Grade),At Home,Other,Course,Mother,30 Min To 1 Hour,Less Than 2 Hours,3,No,Yes,No,Yes,No,Yes,No,No,5,2,5,1,5,4,6,11,10,11
Gabriel Pereira,Male,16,Rural,Greater Than 3,Living Together,5Th To 9Th Grade,5Th To 9Th Grade,At Home,Other,Course,Mother,30 Min To 1 Hour,Less Than 2 Hours,0,No,No,No,No,No,Yes,No,No,4,2,2,1,2,3,4,12,10,11
Gabriel Pereira,Male,16,Urban,Greater Than 3,Living Together,Secondary Education,Secondary Education,Other,Services,Course,Father,Less Than 15 Min,2 To 5 Hours,1,No,Yes,No,No,Yes,Yes,Yes,Yes,4,5,5,4,4,5,0,10,10,1
Gabriel Pereira,Male,16,Urban,Less Or Equal To 3,Living Together,Primary Education (4Th Grade),5Th To 9Th Grade,Health,Services,Course,Mother,15 To 30 Min,Less Than 2 Hours,2,No,No,No,No,No,Yes,Yes,No,4,4,5,3,5,5,0,9,8,10
Gabriel Pereira,Male,17,Rural,Less Or Equal To 3,Living Together,5Th To 9Th Grade,Primary Education (4Th Grade),At Home,Other,Course,Mother,15 To 30 Min,Less Than 2 Hours,1,No,No,Yes,Yes,Yes,No,Yes,Yes,3,3,2,2,2,5,8,8,8,9
Gabriel Pereira,Male,17,Rural,Greater Than 3,Living Together,Secondary Education,5Th To 9Th Grade,Other,Other,Course,Mother,15 To 30 Min,2 To 5 Hours,2,Yes,Yes,No,No,Yes,Yes,Yes,Yes,4,4,4,1,4,3,4,7,6,8
Gabriel Pereira,Male,15,Urban,Less Or Equal To 3,Living Together,Primary Education (4Th Grade),5Th To 9Th Grade,Other,Other,Course,Mother,15 To 30 Min,Less Than 2 Hours,0,No,No,No,Yes,Yes,Yes,No,No,4,4,4,2,4,5,2,8,9,10
Gabriel Pereira,Male,16,Urban,Greater Than 3,Living Together,Primary Education (4Th Grade),Secondary Education,At Home,Services,Course,Father,Less Than 15 Min,Less Than 2 Hours,1,No,No,No,No,Yes,No,Yes,No,5,3,3,1,4,2,2,9,8,8
Gabriel Pereira,Male,17,Rural,Less Or Equal To 3,Living Together,Primary Education (4Th Grade),Primary Education (4Th Grade),Other,Services,Course,Mother,Greater Than 1 Hour,2 To 5 Hours,0,No,No,No,Yes,Yes,No,No,Yes,5,3,5,1,5,5,0,8,8,8
Gabriel Pereira,Male,17,Urban,Greater Than 3,Living Together,Secondary Education,5Th To 9Th Grade,Services,Services,Course,Mother,15 To 30 Min,Less Than 2 Hours,3,No,Yes,No,Yes,No,No,No,No,4,5,2,1,1,2,10,8,7,8
Gabriel Pereira,Male,16,Urban,Greater Than 3,Living Together,5Th To 9Th Grade,5Th To 9Th Grade,Other,Other,Course,Father,Less Than 15 Min,2 To 5 Hours,0,No,No,No,No,Yes,No,Yes,No,4,3,5,2,4,4,0,9,10,11
Gabriel Pereira,Female,16,Urban,Greater Than 3,Living Together,Higher Education,5Th To 9Th Grade,Health,Services,Home,Father,Less Than 15 Min,2 To 5 Hours,0,No,No,No,No,Yes,Yes,Yes,Yes,4,2,3,1,1,3,0,17,17,18
Gabriel Pereira,Female,16,Urban,Greater Than 3,Living Together,5Th To 9Th Grade,5Th To 9Th Grade,Other,Other,Home,Mother,Less Than 15 Min,2 To 5 Hours,0,No,Yes,No,No,No,Yes,Yes,No,5,1,5,1,1,4,0,12,12,13
Gabriel Pereira,Female,16,Urban,Greater Than 3,Living Together,Higher Education,Higher Education,Health,Health,Reputation,Mother,Less Than 15 Min,2 To 5 Hours,0,No,Yes,No,No,Yes,Yes,Yes,Yes,4,4,2,1,1,3,0,16,16,17
Gabriel Pereira,Male,16,Urban,Greater Than 3,Living Together,Secondary Education,Higher Education,Other,Other,Course,Father,30 Min To 1 Hour,Less Than 2 Hours,1,No,Yes,No,Yes,No,Yes,Yes,No,3,4,5,2,4,2,4,9,9,10
Gabriel Pereira,Male,16,Urban,Greater Than 3,Living Together,Primary Education (4Th Grade),None,Other,Other,Reputation,Mother,15 To 30 Min,2 To 5 Hours,0,No,Yes,No,Yes,Yes,Yes,Yes,Yes,4,3,2,1,1,3,0,16,17,18
Gabriel Pereira,Male,17,Urban,Less Or Equal To 3,Living Together,Higher Education,Higher Education,Teacher,Other,Reputation,Mother,Less Than 15 Min,2 To 5 Hours,0,No,Yes,No,Yes,Yes,Yes,Yes,No,4,4,4,1,3,5,0,11,9,10
Gabriel Pereira,Female,16,Urban,Greater Than 3,Living Together,Primary Education (4Th Grade),Secondary Education,At Home,Services,Home,Mother,Less Than 15 Min,2 To 5 Hours,0,No,No,No,Yes,No,Yes,Yes,Yes,4,3,5,1,1,3,0,14,13,13
Gabriel Pereira,Female,16,Urban,Less Or Equal To 3,Living Together,Secondary Education,Secondary Education,Other,Other,Reputation,Mother,15 To 30 Min,2 To 5 Hours,0,No,Yes,No,Yes,Yes,Yes,Yes,No,4,4,5,1,1,4,0,14,14,15
Gabriel Pereira,Male,17,Urban,Less Or Equal To 3,Living Together,Higher Education,Secondary Education,Teacher,Other,Course,Mother,15 To 30 Min,2 To 5 Hours,0,No,No,No,Yes,Yes,Yes,Yes,No,4,4,4,4,4,4,0,10,11,11
Gabriel Pereira,Female,16,Urban,Greater Than 3,Living Together,5Th To 9Th Grade,5Th To 9Th Grade,Services,Other,Reputation,Mother,15 To 30 Min,2 To 5 Hours,0,No,No,No,Yes,No,Yes,Yes,No,3,4,4,1,4,5,0,13,12,14
Gabriel Pereira,Male,17,Urban,Greater Than 3,Living Together,Secondary Education,Secondary Education,Other,Other,Reputation,Father,Less Than 15 Min,2 To 5 Hours,0,No,No,No,Yes,No,Yes,Yes,No,4,3,4,1,4,4,4,11,9,10
Gabriel Pereira,Male,16,Rural,Greater Than 3,Living Together,Higher Education,5Th To 9Th Grade,Teacher,Services,Other,Mother,Less Than 15 Min,Less Than 2 Hours,0,No,Yes,No,Yes,Yes,Yes,Yes,Yes,4,3,3,3,4,3,8,10,9,11
Gabriel Pereira,Male,17,Urban,Greater Than 3,Living Together,Higher Education,Secondary Education,Other,Other,Course,Mother,Less Than 15 Min,2 To 5 Hours,0,No,Yes,Yes,Yes,Yes,Yes,Yes,Yes,5,2,3,1,1,2,4,11,11,13
Gabriel Pereira,Male,16,Urban,Greater Than 3,Living Together,Higher Education,Secondary Education,Teacher,Other,Home,Mother,Less Than 15 Min,2 To 5 Hours,0,No,Yes,Yes,Yes,Yes,Yes,Yes,No,3,4,3,2,3,3,4,11,10,11
Gabriel Pereira,Male,16,Urban,Greater Than 3,Living Together,Secondary Education,Secondary Education,Services,Other,Home,Mother,Less Than 15 Min,2 To 5 Hours,0,No,No,No,Yes,Yes,Yes,Yes,Yes,4,2,3,1,2,3,0,11,12,13
Gabriel Pereira,Female,17,Urban,Greater Than 3,Living Together,5Th To 9Th Grade,Higher Education,Services,Services,Reputation,Father,Less Than 15 Min,2 To 5 Hours,0,No,Yes,No,Yes,Yes,Yes,No,No,5,4,2,2,3,5,0,17,18,17
Gabriel Pereira,Female,17,Urban,Less Or Equal To 3,Living Together,Secondary Education,Secondary Education,Other,Other,Reputation,Mother,Less Than 15 Min,2 To 5 Hours,0,No,Yes,No,Yes,Yes,Yes,Yes,Yes,5,3,3,2,3,1,32,14,13,14
Gabriel Pereira,Female,16,Urban,Greater Than 3,Living Together,Secondary Education,5Th To 9Th Grade,Other,Other,Reputation,Mother,Less Than 15 Min,2 To 5 Hours,0,No,Yes,No,No,Yes,Yes,Yes,No,1,2,2,1,2,1,8,14,15,16
Gabriel Pereira,Male,17,Urban,Greater Than 3,Living Together,Secondary Education,Secondary Education,Services,Services,Other,Mother,Less Than 15 Min,2 To 5 Hours,0,No,Yes,No,Yes,Yes,Yes,Yes,Yes,4,3,4,2,3,4,6,11,13,14
Gabriel Pereira,Male,16,Urban,Greater Than 3,Living Together,Primary Education (4Th Grade),5Th To 9Th Grade,Services,Services,Other,Mother,Less Than 15 Min,Less Than 2 Hours,0,No,Yes,No,Yes,Yes,Yes,Yes,Yes,3,3,3,1,2,3,0,10,9,11
Gabriel Pereira,Male,16,Urban,Less Or Equal To 3,Living Together,5Th To 9Th Grade,Primary Education (4Th Grade),Other,Other,Course,Mother,Less Than 15 Min,2 To 5 Hours,0,No,No,No,Yes,Yes,Yes,Yes,Yes,4,2,3,1,2,5,0,13,14,16
Gabriel Pereira,Female,17,Urban,Greater Than 3,Apart,Secondary Education,Secondary Education,Health,Other,Reputation,Mother,Less Than 15 Min,2 To 5 Hours,0,No,Yes,No,No,No,Yes,Yes,Yes,3,3,3,1,3,3,10,12,13,14
Gabriel Pereira,Male,17,Rural,Greater Than 3,Living Together,Primary Education (4Th Grade),5Th To 9Th Grade,At Home,Other,Home,Mother,Less Than 15 Min,2 To 5 Hours,0,No,No,No,No,Yes,Yes,No,No,3,1,3,1,5,3,6,9,9,10
Gabriel Pereira,Female,16,Urban,Greater Than 3,Living Together,5Th To 9Th Grade,Secondary Education,Services,Services,Course,Mother,Less Than 15 Min,2 To 5 Hours,0,No,No,No,No,Yes,Yes,Yes,No,4,3,3,1,1,2,6,12,12,13
Gabriel Pereira,Female,17,Urban,Greater Than 3,Living Together,Primary Education (4Th Grade),Primary Education (4Th Grade),At Home,Services,Course,Mother,Less Than 15 Min,2 To 5 Hours,0,No,No,No,Yes,Yes,Yes,Yes,No,5,3,3,1,1,3,0,12,11,12
Gabriel Pereira,Male,17,Urban,Greater Than 3,Living Together,Primary Education (4Th Grade),5Th To 9Th Grade,At Home,Services,Other,Other,15 To 30 Min,2 To 5 Hours,0,No,No,No,Yes,No,Yes,Yes,No,4,4,4,4,5,5,16,10,11,12
Gabriel Pereira,Male,16,Rural,Greater Than 3,Living Together,Secondary Education,Secondary Education,Services,Services,Reputation,Mother,Less Than 15 Min,Less Than 2 Hours,0,No,Yes,No,Yes,Yes,Yes,Yes,No,4,3,2,3,4,5,0,11,10,10
Gabriel Pereira,Male,16,Urban,Greater Than 3,Living Together,5Th To 9Th Grade,Secondary Education,Other,Other,Home,Father,15 To 30 Min,Less Than 2 Hours,0,No,No,No,No,Yes,Yes,Yes,No,5,3,3,1,1,3,0,13,12,12
Gabriel Pereira,Female,17,Urban,Less Or Equal To 3,Living Together,5Th To 9Th Grade,Higher Education,Services,Services,Course,Father,Less Than 15 Min,2 To 5 Hours,0,No,No,No,Yes,Yes,Yes,Yes,Yes,4,3,2,1,1,5,8,14,15,16
Gabriel Pereira,Male,17,Urban,Greater Than 3,Living Together,Higher Education,Higher Education,Services,Teacher,Home,Mother,Less Than 15 Min,Less Than 2 Hours,0,No,No,No,No,Yes,Yes,Yes,No,5,2,3,1,2,5,4,13,13,14
Gabriel Pereira,Male,16,Rural,Less Or Equal To 3,Living Together,Secondary Education,Secondary Education,Teacher,Other,Home,Father,30 Min To 1 Hour,Less Than 2 Hours,0,No,Yes,No,Yes,Yes,Yes,Yes,No,3,3,4,3,5,3,16,10,11,12
Gabriel Pereira,Female,17,Urban,Greater Than 3,Living Together,Higher Education,Higher Education,Services,Teacher,Home,Mother,15 To 30 Min,Less Than 2 Hours,1,No,Yes,No,No,Yes,Yes,Yes,No,4,2,4,2,3,2,30,14,15,16
Gabriel Pereira,Female,16,Urban,Less Or Equal To 3,Living Together,Higher Education,Higher Education,Teacher,Teacher,Reputation,Mother,Less Than 15 Min,2 To 5 Hours,0,No,Yes,No,No,Yes,Yes,Yes,No,4,5,2,1,2,3,0,11,10,11
Gabriel Pereira,Female,16,Urban,Greater Than 3,Living Together,Higher Education,Secondary Education,Health,Other,Home,Mother,Less Than 15 Min,2 To 5 Hours,0,No,Yes,No,Yes,Yes,Yes,Yes,No,4,3,5,1,5,2,2,14,14,15
Gabriel Pereira,Female,16,Urban,Greater Than 3,Living Together,5Th To 9Th Grade,Secondary Education,Other,Other,Reputation,Mother,Less Than 15 Min,2 To 5 Hours,0,Yes,Yes,No,Yes,Yes,Yes,No,No,4,4,3,1,3,4,4,11,12,12
Gabriel Pereira,Female,17,Urban,Greater Than 3,Living Together,Primary Education (4Th Grade),Primary Education (4Th Grade),Other,Other,Course,Mother,Less Than 15 Min,2 To 5 Hours,0,No,Yes,No,No,No,Yes,No,No,4,4,4,1,3,1,0,14,15,15
Gabriel Pereira,Female,17,Rural,Greater Than 3,Living Together,5Th To 9Th Grade,5Th To 9Th Grade,Other,Other,Reputation,Mother,Less Than 15 Min,Less Than 2 Hours,0,No,Yes,No,No,Yes,Yes,Yes,No,5,3,2,1,2,3,21,13,13,13
Gabriel Pereira,Female,16,Rural,Greater Than 3,Living Together,5Th To 9Th Grade,5Th To 9Th Grade,Services,Services,Reputation,Mother,15 To 30 Min,Greater Than 10 Hours,0,No,Yes,No,Yes,No,Yes,Yes,No,5,3,5,1,1,5,6,13,13,13
Gabriel Pereira,Female,17,Urban,Greater Than 3,Living Together,Secondary Education,Higher Education,At Home,Services,Home,Mother,Less Than 15 Min,5 To 10 Hours,1,No,Yes,Yes,No,Yes,Yes,Yes,Yes,4,4,3,3,4,5,14,8,9,8
Gabriel Pereira,Female,16,Urban,Greater Than 3,Apart,Secondary Education,Primary Education (4Th Grade),Services,Other,Course,Mother,Less Than 15 Min,2 To 5 Hours,0,No,Yes,No,No,Yes,Yes,Yes,No,2,3,3,2,2,4,2,11,11,12
Gabriel Pereira,Female,16,Urban,Greater Than 3,Living Together,Higher Education,Secondary Education,Teacher,Other,Other,Mother,Less Than 15 Min,2 To 5 Hours,0,No,No,No,Yes,Yes,Yes,Yes,Yes,1,3,2,1,1,1,4,14,15,15
Gabriel Pereira,Female,16,Urban,Greater Than 3,Living Together,Primary Education (4Th Grade),Primary Education (4Th Grade),At Home,Other,Home,Mother,15 To 30 Min,Less Than 2 Hours,0,No,Yes,No,No,Yes,Yes,No,No,4,3,2,1,4,5,2,12,13,13
Gabriel Pereira,Female,17,Rural,Greater Than 3,Living Together,Higher Education,Secondary Education,Teacher,Other,Reputation,Mother,15 To 30 Min,5 To 10 Hours,0,No,Yes,No,Yes,Yes,Yes,Yes,Yes,4,4,2,1,1,4,0,11,12,12
Gabriel Pereira,Female,19,Urban,Greater Than 3,Living Together,Secondary Education,Secondary Education,Other,Other,Reputation,Other,Less Than 15 Min,Greater Than 10 Hours,0,No,Yes,No,Yes,Yes,Yes,Yes,No,4,3,3,1,2,3,4,12,12,12
Gabriel Pereira,Male,17,Urban,Less Or Equal To 3,Living Together,Higher Education,Higher Education,Services,Other,Home,Mother,Less Than 15 Min,2 To 5 Hours,0,No,Yes,No,No,Yes,Yes,Yes,Yes,5,3,5,4,5,3,15,13,12,12
Gabriel Pereira,Female,16,Urban,Greater Than 3,Apart,5Th To 9Th Grade,5Th To 9Th Grade,Other,Other,Reputation,Mother,Less Than 15 Min,2 To 5 Hours,0,Yes,Yes,No,No,Yes,Yes,Yes,No,3,3,4,1,1,4,0,13,13,13
Gabriel Pereira,Male,18,Urban,Greater Than 3,Living Together,5Th To 9Th Grade,5Th To 9Th Grade,Services,Other,Home,Mother,Less Than 15 Min,2 To 5 Hours,0,No,Yes,No,Yes,Yes,Yes,Yes,No,4,4,4,2,4,5,10,12,11,11
Gabriel Pereira,Female,17,Rural,Less Or Equal To 3,Living Together,Higher Education,Higher Education,Services,Other,Other,Mother,Less Than 15 Min,Less Than 2 Hours,0,No,Yes,No,No,Yes,Yes,No,No,5,2,1,1,2,3,6,12,11,11
Gabriel Pereira,Female,17,Urban,Less Or Equal To 3,Living Together,Secondary Education,5Th To 9Th Grade,Other,Other,Reputation,Mother,15 To 30 Min,2 To 5 Hours,0,No,No,No,No,Yes,Yes,Yes,No,4,4,4,1,3,1,2,14,16,15
Gabriel Pereira,Female,17,Urban,Greater Than 3,Living Together,Higher Education,Secondary Education,Other,Other,Reputation,Mother,Less Than 15 Min,2 To 5 Hours,0,No,No,No,No,Yes,Yes,Yes,Yes,3,4,5,2,4,1,16,11,9,10
Gabriel Pereira,Male,18,Urban,Less Or Equal To 3,Living Together,Secondary Education,Secondary Education,Services,Health,Home,Father,Less Than 15 Min,2 To 5 Hours,0,No,Yes,No,No,Yes,Yes,Yes,No,3,2,4,2,4,4,10,10,10,10
Gabriel Pereira,Female,17,Urban,Greater Than 3,Living Together,5Th To 9Th Grade,Secondary Education,At Home,Other,Home,Father,15 To 30 Min,Less Than 2 Hours,0,No,Yes,No,No,Yes,Yes,No,No,3,3,3,1,4,3,4,12,13,13
Gabriel Pereira,Female,17,Urban,Greater Than 3,Living Together,5Th To 9Th Grade,5Th To 9Th Grade,At Home,At Home,Course,Mother,Less Than 15 Min,5 To 10 Hours,0,No,Yes,No,Yes,Yes,Yes,Yes,No,4,3,3,1,1,4,0,12,12,13
Gabriel Pereira,Female,17,Rural,Greater Than 3,Living Together,5Th To 9Th Grade,Primary Education (4Th Grade),At Home,Services,Reputation,Mother,15 To 30 Min,2 To 5 Hours,0,No,Yes,No,Yes,Yes,Yes,Yes,No,4,2,5,1,2,5,0,11,10,11
Gabriel Pereira,Female,17,Urban,Greater Than 3,Living Together,Primary Education (4Th Grade),Primary Education (4Th Grade),At Home,Other,Reputation,Mother,Less Than 15 Min,5 To 10 Hours,0,No,Yes,No,Yes,Yes,Yes,No,Yes,4,3,4,1,1,5,12,12,12,12
Gabriel Pereira,Female,16,Urban,Greater Than 3,Living Together,5Th To 9Th Grade,Secondary Education,Services,Teacher,Other,Mother,Less Than 15 Min,2 To 5 Hours,0,Yes,No,No,No,Yes,Yes,Yes,No,2,3,1,1,1,3,0,13,13,14
Gabriel Pereira,Male,18,Urban,Greater Than 3,Living Together,5Th To 9Th Grade,5Th To 9Th Grade,Other,Other,Home,Mother,15 To 30 Min,2 To 5 Hours,3,No,Yes,Yes,No,Yes,Yes,Yes,No,3,3,3,5,5,4,9,10,9,10
Gabriel Pereira,Female,16,Urban,Greater Than 3,Living Together,Higher Education,Higher Education,Teacher,Services,Home,Mother,Less Than 15 Min,5 To 10 Hours,0,No,Yes,No,Yes,No,Yes,Yes,No,5,3,2,1,1,5,4,15,16,16
Gabriel Pereira,Female,18,Rural,Greater Than 3,Living Together,Secondary Education,Primary Education (4Th Grade),Other,Other,Reputation,Mother,Less Than 15 Min,2 To 5 Hours,0,No,No,No,Yes,Yes,Yes,Yes,Yes,5,3,3,1,1,4,4,8,8,8
Gabriel Pereira,Female,17,Urban,Greater Than 3,Living Together,Secondary Education,5Th To 9Th Grade,Other,Other,Course,Mother,Less Than 15 Min,2 To 5 Hours,0,No,No,No,Yes,No,Yes,Yes,No,5,3,4,1,3,3,2,17,18,17
Gabriel Pereira,Male,17,Urban,Less Or Equal To 3,Living Together,5Th To 9Th Grade,Secondary Education,Services,Services,Reputation,Father,Less Than 15 Min,2 To 5 Hours,0,No,Yes,No,No,No,Yes,Yes,No,5,3,3,1,3,3,0,10,11,11
Gabriel Pereira,Male,18,Urban,Less Or Equal To 3,Living Together,5Th To 9Th Grade,Primary Education (4Th Grade),At Home,Other,Course,Mother,Greater Than 1 Hour,2 To 5 Hours,0,Yes,Yes,No,Yes,Yes,Yes,Yes,Yes,4,3,2,4,5,3,2,9,10,11
Gabriel Pereira,Female,17,Urban,Greater Than 3,Apart,5Th To 9Th Grade,Primary Education (4Th Grade),Other,Other,Course,Mother,15 To 30 Min,5 To 10 Hours,0,No,No,No,Yes,Yes,Yes,Yes,Yes,3,2,3,1,2,3,0,15,15,16
Gabriel Pereira,Female,17,Urban,Less Or Equal To 3,Living Together,Higher Education,Secondary Education,Health,Other,Reputation,Father,Less Than 15 Min,2 To 5 Hours,0,No,No,No,Yes,Yes,Yes,Yes,Yes,3,2,3,1,2,3,0,14,12,12
Gabriel Pereira,Male,17,Rural,Greater Than 3,Living Together,5Th To 9Th Grade,5Th To 9Th Grade,Other,Other,Course,Father,15 To 30 Min,2 To 5 Hours,0,No,Yes,No,Yes,Yes,Yes,Yes,No,4,5,2,1,1,1,0,12,13,13
Gabriel Pereira,Male,17,Urban,Greater Than 3,Living Together,Higher Education,Higher Education,Teacher,Teacher,Reputation,Mother,Less Than 15 Min,2 To 5 Hours,0,Yes,Yes,No,Yes,Yes,Yes,Yes,Yes,4,5,5,1,3,2,0,13,13,13
Gabriel Pereira,Male,16,Urban,Greater Than 3,Living Together,Higher Education,Higher Education,Health,Other,Reputation,Father,Less Than 15 Min,2 To 5 Hours,0,No,Yes,No,Yes,Yes,Yes,Yes,No,4,2,4,2,4,1,0,13,13,14
Gabriel Pereira,Male,16,Urban,Less Or Equal To 3,Living Together,Primary Education (4Th Grade),Primary Education (4Th Grade),Other,Other,Home,Mother,15 To 30 Min,2 To 5 Hours,0,No,Yes,No,No,Yes,Yes,Yes,No,3,4,2,1,1,5,2,9,9,9
Gabriel Pereira,Male,16,Urban,Greater Than 3,Living Together,Secondary Education,5Th To 9Th Grade,At Home,Other,Reputation,Mother,15 To 30 Min,5 To 10 Hours,0,No,No,No,Yes,Yes,Yes,Yes,Yes,5,3,3,1,3,2,0,12,12,12
Gabriel Pereira,Male,17,Urban,Less Or Equal To 3,Living Together,5Th To 9Th Grade,5Th To 9Th Grade,Other,Other,Home,Father,Less Than 15 Min,2 To 5 Hours,0,No,No,No,Yes,No,Yes,Yes,Yes,4,4,2,5,5,4,0,16,16,16
Gabriel Pereira,Female,16,Urban,Greater Than 3,Living Together,5Th To 9Th Grade,Primary Education (4Th Grade),Other,Other,Home,Mother,Less Than 15 Min,Less Than 2 Hours,0,No,No,No,No,Yes,Yes,Yes,Yes,4,5,2,1,1,5,4,9,10,10
Gabriel Pereira,Female,16,Urban,Greater Than 3,Apart,Higher Education,Primary Education (4Th Grade),Other,Other,Home,Mother,Less Than 15 Min,2 To 5 Hours,0,No,No,No,Yes,Yes,Yes,Yes,Yes,5,3,3,1,2,5,0,14,13,13
Gabriel Pereira,Female,18,Urban,Less Or Equal To 3,Apart,5Th To 9Th Grade,Higher Education,Services,Other,Course,Mother,15 To 30 Min,2 To 5 Hours,1,No,Yes,No,No,Yes,Yes,Yes,No,4,3,3,1,1,3,18,10,10,10
Gabriel Pereira,Female,18,Urban,Less Or Equal To 3,Living Together,5Th To 9Th Grade,5Th To 9Th Grade,At Home,Services,Course,Mother,Less Than 15 Min,2 To 5 Hours,1,No,Yes,No,No,No,Yes,Yes,Yes,5,3,1,1,1,5,16,9,8,10
Gabriel Pereira,Female,18,Urban,Greater Than 3,Living Together,Secondary Education,Secondary Education,Other,Other,Course,Mother,15 To 30 Min,Less Than 2 Hours,1,No,No,No,No,Yes,No,Yes,No,4,1,1,1,1,3,14,8,7,7
Gabriel Pereira,Male,18,Urban,Greater Than 3,Living Together,5Th To 9Th Grade,5Th To 9Th Grade,Other,At Home,Course,Other,Less Than 15 Min,Less Than 2 Hours,1,No,Yes,No,Yes,No,No,Yes,Yes,4,4,3,2,2,1,26,7,8,8
Gabriel Pereira,Male,17,Urban,Greater Than 3,Living Together,Higher Education,Higher Education,Teacher,Teacher,Course,Mother,Less Than 15 Min,Less Than 2 Hours,0,No,Yes,No,Yes,No,Yes,Yes,No,4,2,1,1,2,5,6,10,8,9
Gabriel Pereira,Female,17,Urban,Greater Than 3,Living Together,Secondary Education,5Th To 9Th Grade,Other,Other,Course,Father,Less Than 15 Min,2 To 5 Hours,0,No,No,No,Yes,Yes,Yes,No,No,5,4,2,1,1,3,4,14,14,15
Gabriel Pereira,Female,17,Urban,Less Or Equal To 3,Living Together,Primary Education (4Th Grade),Primary Education (4Th Grade),At Home,At Home,Course,Mother,Less Than 15 Min,5 To 10 Hours,0,No,Yes,No,Yes,Yes,Yes,Yes,Yes,4,3,2,1,2,4,10,11,10,10
Gabriel Pereira,Female,16,Urban,Greater Than 3,Living Together,Primary Education (4Th Grade),5Th To 9Th Grade,Other,Other,Course,Mother,Less Than 15 Min,Less Than 2 Hours,0,No,No,No,No,Yes,No,Yes,No,5,3,5,1,2,5,4,12,11,11
Gabriel Pereira,Female,17,Rural,Greater Than 3,Living Together,5Th To 9Th Grade,Primary Education (4Th Grade),At Home,Services,Course,Mother,30 Min To 1 Hour,2 To 5 Hours,0,No,No,No,Yes,Yes,Yes,No,No,2,1,1,1,1,3,2,13,13,13
Gabriel Pereira,Female,17,Rural,Less Or Equal To 3,Apart,Primary Education (4Th Grade),Higher Education,Other,Other,Course,Other,Greater Than 1 Hour,Less Than 2 Hours,1,No,Yes,No,No,Yes,Yes,Yes,No,5,5,4,1,1,5,14,9,9,8
Gabriel Pereira,Male,18,Urban,Greater Than 3,Living Together,5Th To 9Th Grade,5Th To 9Th Grade,Other,Services,Reputation,Father,Less Than 15 Min,2 To 5 Hours,0,No,No,No,No,Yes,No,Yes,No,5,5,4,3,5,2,16,8,7,8
Gabriel Pereira,Female,17,Urban,Less Or Equal To 3,Apart,5Th To 9Th Grade,5Th To 9Th Grade,Other,Other,Home,Mother,Less Than 15 Min,Less Than 2 Hours,1,No,Yes,No,No,No,No,Yes,No,3,1,2,1,1,1,8,11,9,10
Gabriel Pereira,Female,17,Rural,Less Or Equal To 3,Living Together,Primary Education (4Th Grade),Primary Education (4Th Grade),At Home,Other,Course,Mother,15 To 30 Min,5 To 10 Hours,0,No,No,No,Yes,Yes,Yes,Yes,No,4,3,3,1,3,5,4,15,14,15
Gabriel Pereira,Female,17,Urban,Less Or Equal To 3,Apart,Higher Education,5Th To 9Th Grade,Teacher,Other,Course,Mother,Less Than 15 Min,2 To 5 Hours,0,No,Yes,No,Yes,Yes,Yes,No,No,4,3,2,1,1,4,4,15,14,14
Gabriel Pereira,Male,17,Urban,Less Or Equal To 3,Living Together,Higher Education,Secondary Education,Health,Other,Course,Mother,15 To 30 Min,2 To 5 Hours,0,No,No,No,Yes,Yes,Yes,Yes,Yes,2,5,5,1,4,5,8,15,15,15
Gabriel Pereira,Male,17,Rural,Less Or Equal To 3,Apart,Higher Education,Higher Education,Teacher,Other,Course,Mother,15 To 30 Min,2 To 5 Hours,0,No,Yes,No,No,Yes,Yes,Yes,No,3,3,3,2,3,4,0,12,12,12
Gabriel Pereira,Male,16,Urban,Less Or Equal To 3,Living Together,Higher Education,Secondary Education,Teacher,Other,Course,Mother,Less Than 15 Min,Less Than 2 Hours,0,No,No,No,Yes,No,Yes,Yes,No,5,4,5,1,1,3,7,14,14,15
Gabriel Pereira,Male,16,Urban,Greater Than 3,Living Together,Higher Education,Higher Education,Services,Services,Course,Mother,Less Than 15 Min,Less Than 2 Hours,0,No,No,Yes,Yes,Yes,Yes,Yes,No,5,3,2,1,2,5,4,14,15,15
Gabriel Pereira,Female,17,Urban,Greater Than 3,Living Together,Higher Education,Higher Education,Teacher,Services,Course,Mother,Less Than 15 Min,2 To 5 Hours,0,No,Yes,Yes,No,Yes,Yes,Yes,Yes,5,3,1,1,4,5,2,11,11,12
Gabriel Pereira,Male,17,Rural,Greater Than 3,Living Together,Primary Education (4Th Grade),Primary Education (4Th Grade),Other,Other,Home,Father,15 To 30 Min,5 To 10 Hours,0,No,No,No,No,No,Yes,Yes,Yes,4,3,3,1,1,1,2,13,14,15
Gabriel Pereira,Female,17,Urban,Greater Than 3,Living Together,Secondary Education,Secondary Education,Services,Other,Home,Mother,15 To 30 Min,5 To 10 Hours,0,No,Yes,No,No,Yes,Yes,Yes,Yes,4,2,2,2,3,5,10,11,11,11
Gabriel Pereira,Female,17,Urban,Greater Than 3,Living Together,Primary Education (4Th Grade),Primary Education (4Th Grade),At Home,Other,Course,Mother,Less Than 15 Min,2 To 5 Hours,0,Yes,No,No,No,No,Yes,No,Yes,4,3,2,1,1,4,10,10,9,10
Gabriel Pereira,Female,18,Urban,Greater Than 3,Living Together,5Th To 9Th Grade,Primary Education (4Th Grade),Other,Other,Course,Other,15 To 30 Min,5 To 10 Hours,0,No,Yes,No,No,No,Yes,Yes,Yes,4,4,4,1,1,3,10,12,10,11
Gabriel Pereira,Male,16,Urban,Greater Than 3,Living Together,5Th To 9Th Grade,Primary Education (4Th Grade),Other,Other,Course,Mother,30 Min To 1 Hour,Less Than 2 Hours,0,No,No,No,No,Yes,Yes,Yes,No,4,3,3,1,1,4,7,15,16,16
Gabriel Pereira,Female,17,Urban,Greater Than 3,Living Together,Primary Education (4Th Grade),Primary Education (4Th Grade),Other,Services,Course,Father,Less Than 15 Min,2 To 5 Hours,0,No,Yes,No,No,Yes,Yes,No,No,4,3,4,1,2,5,4,11,10,11
Gabriel Pereira,Male,17,Urban,Greater Than 3,Living Together,5Th To 9Th Grade,Secondary Education,Other,Other,Course,Father,15 To 30 Min,Less Than 2 Hours,0,No,No,No,No,Yes,Yes,Yes,No,5,2,2,1,1,2,2,9,12,13
Gabriel Pereira,Male,22,Urban,Greater Than 3,Living Together,Secondary Education,Primary Education (4Th Grade),Services,Services,Other,Mother,Less Than 15 Min,Less Than 2 Hours,3,No,No,No,No,No,No,Yes,Yes,5,4,5,5,5,1,12,7,8,5
Gabriel Pereira,Male,18,Rural,Less Or Equal To 3,Living Together,Secondary Education,Secondary Education,Other,Services,Course,Mother,Less Than 15 Min,2 To 5 Hours,0,No,Yes,No,No,Yes,Yes,Yes,Yes,4,3,3,1,3,5,8,10,9,10
Gabriel Pereira,Male,16,Urban,Greater Than 3,Living Together,None,5Th To 9Th Grade,Other,Other,Other,Mother,Less Than 15 Min,Less Than 2 Hours,0,No,No,No,No,No,Yes,Yes,No,4,3,2,2,4,5,0,11,12,11
Gabriel Pereira,Male,18,Urban,Greater Than 3,Living Together,Secondary Education,5Th To 9Th Grade,Services,Other,Course,Mother,15 To 30 Min,Less Than 2 Hours,0,No,No,No,No,Yes,No,Yes,No,4,4,5,2,4,5,8,7,8,7
Gabriel Pereira,Male,16,Urban,Greater Than 3,Living Together,Secondary Education,Secondary Education,At Home,Other,Reputation,Other,30 Min To 1 Hour,2 To 5 Hours,1,Yes,Yes,No,No,No,Yes,Yes,No,5,3,3,1,3,2,4,9,11,10
Gabriel Pereira,Male,18,Urban,Greater Than 3,Living Together,5Th To 9Th Grade,Primary Education (4Th Grade),Services,Services,Other,Mother,Less Than 15 Min,Less Than 2 Hours,2,No,No,No,No,No,No,Yes,No,3,2,5,2,5,5,4,7,8,6
Gabriel Pereira,Male,16,Rural,Greater Than 3,Living Together,5Th To 9Th Grade,Primary Education (4Th Grade),Other,Other,Course,Mother,15 To 30 Min,Less Than 2 Hours,0,No,No,No,Yes,No,Yes,No,No,3,3,2,1,3,3,2,14,13,12
Gabriel Pereira,Male,17,Rural,Greater Than 3,Living Together,5Th To 9Th Grade,Primary Education (4Th Grade),Other,Other,Course,Mother,Less Than 15 Min,Less Than 2 Hours,0,No,No,No,No,No,Yes,Yes,No,4,4,2,2,4,5,0,12,12,13
Gabriel Pereira,Male,17,Urban,Less Or Equal To 3,Living Together,Primary Education (4Th Grade),Primary Education (4Th Grade),Health,Other,Course,Mother,15 To 30 Min,Less Than 2 Hours,1,No,Yes,No,Yes,Yes,Yes,Yes,No,4,4,4,1,2,5,0,9,10,10
Gabriel Pereira,Female,18,Urban,Less Or Equal To 3,Apart,5Th To 9Th Grade,Primary Education (4Th Grade),Other,Other,Course,Mother,Less Than 15 Min,2 To 5 Hours,0,No,Yes,No,No,No,Yes,Yes,Yes,4,3,4,1,3,5,2,12,12,13
Gabriel Pereira,Female,17,Urban,Less Or Equal To 3,Living Together,Higher Education,5Th To 9Th Grade,Teacher,Services,Reputation,Mother,Less Than 15 Min,Greater Than 10 Hours,0,No,Yes,No,Yes,Yes,Yes,Yes,No,4,2,3,1,1,4,2,14,15,17
Gabriel Pereira,Female,19,Urban,Greater Than 3,Living Together,5Th To 9Th Grade,5Th To 9Th Grade,Services,Services,Home,Mother,Less Than 15 Min,2 To 5 Hours,0,No,Yes,No,No,Yes,Yes,Yes,No,4,3,3,1,1,5,0,10,10,11
Gabriel Pereira,Male,18,Urban,Less Or Equal To 3,Living Together,5Th To 9Th Grade,Primary Education (4Th Grade),Services,Other,Course,Mother,30 Min To 1 Hour,2 To 5 Hours,1,No,No,No,Yes,No,No,Yes,No,4,4,5,4,4,5,4,11,10,11
Gabriel Pereira,Female,17,Rural,Greater Than 3,Living Together,Higher Education,5Th To 9Th Grade,Other,Other,Course,Mother,Less Than 15 Min,5 To 10 Hours,0,No,Yes,No,Yes,Yes,Yes,Yes,No,4,3,4,1,3,5,2,11,12,14
Gabriel Pereira,Female,18,Urban,Less Or Equal To 3,Living Together,Primary Education (4Th Grade),Primary Education (4Th Grade),Other,At Home,Home,Mother,Less Than 15 Min,5 To 10 Hours,0,No,Yes,No,No,No,Yes,No,No,4,4,3,2,3,3,4,11,12,14
Gabriel Pereira,Female,18,Rural,Greater Than 3,Living Together,5Th To 9Th Grade,5Th To 9Th Grade,Other,Other,Home,Mother,Less Than 15 Min,2 To 5 Hours,0,Yes,No,No,No,Yes,Yes,No,No,3,2,3,1,1,5,4,11,11,13
Gabriel Pereira,Male,19,Urban,Less Or Equal To 3,Apart,Higher Education,Secondary Education,Services,At Home,Reputation,Mother,Less Than 15 Min,2 To 5 Hours,0,No,Yes,No,No,Yes,Yes,Yes,No,4,3,1,1,1,1,4,11,13,14
Gabriel Pereira,Male,18,Urban,Greater Than 3,Living Together,5Th To 9Th Grade,Primary Education (4Th Grade),Other,Other,Home,Mother,Less Than 15 Min,2 To 5 Hours,0,No,No,No,Yes,Yes,Yes,Yes,No,5,2,4,1,2,4,2,16,16,16
Gabriel Pereira,Male,17,Rural,Greater Than 3,Living Together,5Th To 9Th Grade,5Th To 9Th Grade,Other,Services,Other,Mother,15 To 30 Min,Less Than 2 Hours,0,No,No,No,No,No,No,No,No,5,2,2,1,1,4,0,9,10,10
Gabriel Pereira,Female,17,Urban,Less Or Equal To 3,Living Together,5Th To 9Th Grade,5Th To 9Th Grade,Services,Services,Course,Father,Less Than 15 Min,Greater Than 10 Hours,0,No,No,No,Yes,Yes,Yes,Yes,Yes,3,4,1,1,1,2,2,10,11,12
Gabriel Pereira,Female,20,Rural,Greater Than 3,Living Together,5Th To 9Th Grade,Primary Education (4Th Grade),Other,Other,Course,Other,15 To 30 Min,2 To 5 Hours,0,No,Yes,Yes,Yes,Yes,No,Yes,Yes,1,2,3,1,2,2,8,10,12,12
Gabriel Pereira,Female,18,Urban,Greater Than 3,Living Together,Higher Education,Secondary Education,Services,Other,Home,Father,Less Than 15 Min,2 To 5 Hours,0,No,Yes,No,No,Yes,Yes,Yes,Yes,3,1,2,1,3,2,2,15,15,15
Gabriel Pereira,Male,18,Urban,Greater Than 3,Living Together,Higher Education,Secondary Education,Teacher,Other,Course,Mother,Less Than 15 Min,2 To 5 Hours,0,No,Yes,No,No,No,Yes,Yes,No,4,3,2,1,1,3,2,10,10,11
Gabriel Pereira,Male,18,Rural,Greater Than 3,Living Together,Secondary Education,5Th To 9Th Grade,Other,Other,Course,Mother,Less Than 15 Min,5 To 10 Hours,0,No,No,No,Yes,No,Yes,No,No,5,3,2,1,1,3,2,10,11,12
Gabriel Pereira,Female,17,Urban,Greater Than 3,Living Together,Secondary Education,Secondary Education,Other,Other,Home,Mother,Less Than 15 Min,5 To 10 Hours,0,No,No,No,Yes,No,Yes,No,No,3,2,3,1,1,4,2,15,12,13
Gabriel Pereira,Female,18,Urban,Greater Than 3,Living Together,5Th To 9Th Grade,5Th To 9Th Grade,At Home,Services,Home,Mother,Less Than 15 Min,5 To 10 Hours,0,No,Yes,No,Yes,Yes,Yes,Yes,Yes,4,3,3,1,1,3,0,11,12,13
Gabriel Pereira,Male,17,Urban,Greater Than 3,Living Together,5Th To 9Th Grade,5Th To 9Th Grade,Other,Other,Home,Father,15 To 30 Min,Less Than 2 Hours,0,No,No,No,No,Yes,No,Yes,No,4,4,4,2,3,4,8,8,8,9
Gabriel Pereira,Male,18,Rural,Less Or Equal To 3,Apart,Secondary Education,Higher Education,Other,Other,Reputation,Mother,15 To 30 Min,2 To 5 Hours,0,No,Yes,No,Yes,Yes,Yes,Yes,No,4,2,5,3,4,1,6,15,16,16
Gabriel Pereira,Male,17,Urban,Greater Than 3,Living Together,Secondary Education,Primary Education (4Th Grade),Services,Other,Other,Mother,Less Than 15 Min,2 To 5 Hours,0,No,No,No,Yes,Yes,Yes,Yes,Yes,5,4,4,3,4,5,0,11,11,14
Gabriel Pereira,Female,18,Rural,Greater Than 3,Living Together,Higher Education,Higher Education,Teacher,Other,Reputation,Mother,15 To 30 Min,2 To 5 Hours,0,No,No,No,Yes,Yes,Yes,Yes,No,4,3,4,2,2,4,8,10,11,12
Gabriel Pereira,Male,18,Urban,Greater Than 3,Living Together,Higher Education,5Th To 9Th Grade,Health,Other,Reputation,Father,Less Than 15 Min,2 To 5 Hours,0,No,Yes,No,Yes,Yes,Yes,Yes,Yes,5,4,5,1,3,5,4,10,12,14
Gabriel Pereira,Female,18,Rural,Greater Than 3,Living Together,5Th To 9Th Grade,Primary Education (4Th Grade),Other,Other,Reputation,Mother,15 To 30 Min,2 To 5 Hours,0,No,Yes,No,No,Yes,No,Yes,Yes,4,3,5,1,2,3,12,8,9,10
Gabriel Pereira,Female,19,Urban,Greater Than 3,Living Together,Secondary Education,Secondary Education,Other,Services,Home,Other,Less Than 15 Min,2 To 5 Hours,0,No,Yes,No,Yes,Yes,Yes,Yes,No,4,3,5,3,3,5,16,11,12,12
Gabriel Pereira,Female,18,Urban,Greater Than 3,Living Together,5Th To 9Th Grade,Secondary Education,Other,Services,Reputation,Father,Less Than 15 Min,Greater Than 10 Hours,0,No,Yes,No,Yes,Yes,Yes,Yes,Yes,4,5,5,1,3,2,10,16,16,16
Gabriel Pereira,Female,18,Urban,Less Or Equal To 3,Living Together,Primary Education (4Th Grade),Primary Education (4Th Grade),Other,Other,Home,Mother,15 To 30 Min,2 To 5 Hours,0,No,Yes,No,No,No,Yes,No,No,4,4,3,1,1,3,2,13,13,13
Gabriel Pereira,Male,17,Rural,Greater Than 3,Living Together,Primary Education (4Th Grade),5Th To 9Th Grade,At Home,At Home,Home,Mother,Less Than 15 Min,2 To 5 Hours,0,No,Yes,No,Yes,No,Yes,No,Yes,3,5,2,2,2,1,2,16,17,18
Gabriel Pereira,Female,18,Urban,Greater Than 3,Living Together,5Th To 9Th Grade,Primary Education (4Th Grade),Other,Other,Home,Mother,Less Than 15 Min,2 To 5 Hours,0,No,Yes,No,No,Yes,Yes,Yes,Yes,4,2,5,1,2,1,8,14,14,15
Gabriel Pereira,Female,17,Urban,Greater Than 3,Living Together,5Th To 9Th Grade,Higher Education,At Home,Health,Reputation,Mother,15 To 30 Min,2 To 5 Hours,0,No,Yes,No,No,Yes,Yes,Yes,Yes,4,3,3,1,1,1,6,15,16,16
Gabriel Pereira,Female,17,Urban,Less Or Equal To 3,Living Together,5Th To 9Th Grade,5Th To 9Th Grade,Services,Other,Course,Mother,15 To 30 Min,2 To 5 Hours,0,Yes,Yes,No,No,Yes,Yes,Yes,Yes,4,4,4,2,3,5,6,12,12,12
Gabriel Pereira,Female,18,Rural,Greater Than 3,Apart,Secondary Education,5Th To 9Th Grade,Other,Services,Home,Mother,15 To 30 Min,2 To 5 Hours,0,No,No,No,No,No,No,Yes,Yes,4,1,1,1,1,5,15,12,9,10
Gabriel Pereira,Male,18,Urban,Greater Than 3,Living Together,Higher Education,Higher Education,Teacher,Services,Home,Mother,15 To 30 Min,Less Than 2 Hours,0,No,No,No,Yes,Yes,Yes,Yes,No,3,2,4,1,4,3,6,11,12,12
Gabriel Pereira,Female,18,Urban,Greater Than 3,Living Together,Higher Education,Higher Education,Health,Health,Reputation,Father,Less Than 15 Min,2 To 5 Hours,1,Yes,Yes,No,Yes,Yes,Yes,Yes,Yes,2,4,4,1,1,4,2,14,12,13
Gabriel Pereira,Female,17,Urban,Greater Than 3,Living Together,5Th To 9Th Grade,5Th To 9Th Grade,Other,Services,Reputation,Father,30 Min To 1 Hour,5 To 10 Hours,0,No,Yes,No,No,Yes,Yes,Yes,Yes,4,2,3,1,1,1,8,13,15,15
Gabriel Pereira,Female,19,Rural,Greater Than 3,Living Together,Secondary Education,5Th To 9Th Grade,Services,Services,Reputation,Father,Less Than 15 Min,2 To 5 Hours,1,Yes,Yes,No,No,Yes,No,Yes,No,3,3,3,4,3,3,0,9,8,10
Gabriel Pereira,Male,18,Urban,Less Or Equal To 3,Living Together,Higher Education,Secondary Education,Teacher,Services,Course,Mother,15 To 30 Min,Less Than 2 Hours,0,No,No,No,Yes,Yes,Yes,Yes,No,4,2,3,1,2,1,0,10,10,10
Gabriel Pereira,Male,18,Urban,Greater Than 3,Living Together,Primary Education (4Th Grade),5Th To 9Th Grade,At Home,Other,Home,Other,15 To 30 Min,Less Than 2 Hours,0,No,No,No,No,No,No,Yes,No,3,4,4,2,4,4,10,10,10,11
Gabriel Pereira,Male,17,Urban,Less Or Equal To 3,Apart,Higher Education,Primary Education (4Th Grade),Services,Other,Home,Mother,15 To 30 Min,Less Than 2 Hours,0,No,No,No,Yes,Yes,Yes,Yes,Yes,4,5,4,2,4,5,22,11,11,10
Gabriel Pereira,Male,17,Urban,Less Or Equal To 3,Apart,Secondary Education,5Th To 9Th Grade,Teacher,Services,Home,Mother,Less Than 15 Min,Less Than 2 Hours,0,No,No,No,No,Yes,Yes,Yes,No,4,4,4,3,4,3,18,13,13,13
Gabriel Pereira,Female,18,Rural,Less Or Equal To 3,Living Together,Primary Education (4Th Grade),Primary Education (4Th Grade),At Home,Other,Reputation,Mother,15 To 30 Min,Greater Than 10 Hours,0,No,Yes,No,Yes,Yes,Yes,No,No,5,2,2,1,1,3,2,17,17,18
Gabriel Pereira,Female,18,Urban,Greater Than 3,Living Together,Primary Education (4Th Grade),Primary Education (4Th Grade),Other,Other,Home,Mother,15 To 30 Min,2 To 5 Hours,0,Yes,No,No,Yes,Yes,Yes,Yes,No,5,4,4,1,1,4,0,12,13,13
Gabriel Pereira,Female,17,Urban,Greater Than 3,Living Together,5Th To 9Th Grade,5Th To 9Th Grade,Other,Other,Course,Mother,Less Than 15 Min,2 To 5 Hours,0,No,Yes,No,No,No,Yes,Yes,No,5,4,5,1,2,5,12,12,12,14
Gabriel Pereira,Female,18,Urban,Greater Than 3,Living Together,5Th To 9Th Grade,Primary Education (4Th Grade),Other,Other,Reputation,Mother,15 To 30 Min,2 To 5 Hours,0,No,No,No,Yes,Yes,Yes,Yes,Yes,4,3,1,1,1,5,10,12,13,14
Gabriel Pereira,Male,17,Urban,Greater Than 3,Living Together,Primary Education (4Th Grade),Primary Education (4Th Grade),Other,Other,Reputation,Father,Less Than 15 Min,2 To 5 Hours,0,No,No,No,No,No,Yes,Yes,No,4,3,3,1,2,4,0,12,12,12
Gabriel Pereira,Female,18,Urban,Greater Than 3,Living Together,5Th To 9Th Grade,5Th To 9Th Grade,At Home,At Home,Other,Mother,Less Than 15 Min,5 To 10 Hours,0,No,Yes,No,No,Yes,Yes,Yes,No,4,3,3,1,2,2,0,18,18,18
Gabriel Pereira,Female,17,Urban,Greater Than 3,Living Together,Primary Education (4Th Grade),Primary Education (4Th Grade),Services,Teacher,Reputation,Mother,Less Than 15 Min,5 To 10 Hours,0,No,Yes,No,No,Yes,Yes,Yes,No,4,3,3,1,1,3,0,13,13,14
Gabriel Pereira,Male,18,Urban,Greater Than 3,Living Together,5Th To 9Th Grade,Primary Education (4Th Grade),Services,Services,Reputation,Mother,Less Than 15 Min,5 To 10 Hours,0,No,No,No,Yes,Yes,Yes,Yes,No,4,2,4,1,3,2,0,14,15,15
Gabriel Pereira,Male,18,Urban,Less Or Equal To 3,Apart,Higher Education,Higher Education,Teacher,Teacher,Reputation,Mother,Less Than 15 Min,2 To 5 Hours,0,No,Yes,No,Yes,Yes,Yes,Yes,No,5,4,3,1,1,2,0,17,17,17
Gabriel Pereira,Male,18,Urban,Greater Than 3,Living Together,Higher Education,5Th To 9Th Grade,Teacher,Other,Home,Mother,Less Than 15 Min,2 To 5 Hours,0,No,Yes,No,Yes,Yes,Yes,Yes,Yes,4,3,2,1,4,5,2,15,16,16
Gabriel Pereira,Female,17,Urban,Greater Than 3,Living Together,Higher Education,Secondary Education,Health,Services,Reputation,Mother,Less Than 15 Min,5 To 10 Hours,0,No,Yes,No,No,Yes,Yes,Yes,No,4,2,2,1,2,3,0,17,18,18
Gabriel Pereira,Female,17,Rural,Less Or Equal To 3,Living Together,Secondary Education,Primary Education (4Th Grade),Services,Other,Reputation,Mother,15 To 30 Min,Greater Than 10 Hours,0,No,Yes,No,No,Yes,Yes,No,No,3,1,2,1,1,3,0,18,19,19
Gabriel Pereira,Male,18,Rural,Less Or Equal To 3,Living Together,Secondary Education,5Th To 9Th Grade,Services,Other,Reputation,Mother,15 To 30 Min,5 To 10 Hours,0,No,Yes,No,Yes,Yes,Yes,Yes,No,5,4,2,1,1,4,0,14,15,15
Gabriel Pereira,Male,17,Urban,Greater Than 3,Living Together,Secondary Education,Secondary Education,Health,Other,Home,Mother,Less Than 15 Min,Less Than 2 Hours,0,No,Yes,No,No,Yes,Yes,Yes,No,4,4,3,1,3,5,0,14,15,15
Gabriel Pereira,Female,19,Urban,Greater Than 3,Living Together,Higher Education,Higher Education,Health,Other,Reputation,Other,15 To 30 Min,2 To 5 Hours,0,No,Yes,No,Yes,Yes,Yes,Yes,No,2,3,4,2,3,2,2,14,13,13
Gabriel Pereira,Female,18,Urban,Less Or Equal To 3,Living Together,Higher Education,Secondary Education,Other,Other,Home,Other,15 To 30 Min,2 To 5 Hours,0,No,Yes,No,No,Yes,Yes,Yes,Yes,4,4,5,1,2,2,0,13,14,14
Gabriel Pereira,Female,18,Urban,Greater Than 3,Living Together,Higher Education,Secondary Education,Other,Other,Reputation,Father,Less Than 15 Min,Greater Than 10 Hours,0,No,Yes,No,No,Yes,Yes,Yes,No,4,3,3,1,1,3,0,16,17,17
Gabriel Pereira,Male,18,Urban,Less Or Equal To 3,Living Together,Higher Education,Higher Education,Teacher,Teacher,Home,Mother,Less Than 15 Min,Less Than 2 Hours,0,No,Yes,No,No,Yes,Yes,Yes,Yes,1,4,2,2,2,1,0,18,18,17
Gabriel Pereira,Female,18,Urban,Less Or Equal To 3,Apart,Higher Education,Higher Education,Health,Other,Home,Mother,Less Than 15 Min,2 To 5 Hours,0,No,Yes,Yes,No,Yes,Yes,Yes,Yes,4,2,4,1,1,4,0,14,15,15
Gabriel Pereira,Male,17,Urban,Less Or Equal To 3,Living Together,Higher Education,Higher Education,Other,Teacher,Home,Father,15 To 30 Min,Less Than 2 Hours,0,No,No,No,No,Yes,Yes,Yes,No,4,1,1,2,2,5,0,12,13,13
Gabriel Pereira,Female,17,Rural,Greater Than 3,Living Together,Higher Education,Higher Education,Services,Services,Reputation,Mother,15 To 30 Min,5 To 10 Hours,0,No,Yes,No,Yes,Yes,Yes,Yes,No,5,3,4,1,1,5,0,7,7,8
Gabriel Pereira,Female,17,Urban,Greater Than 3,Living Together,Higher Education,5Th To 9Th Grade,Other,Other,Reputation,Mother,15 To 30 Min,5 To 10 Hours,0,No,Yes,No,No,Yes,Yes,Yes,No,4,3,3,1,1,3,0,16,16,16
Gabriel Pereira,Female,17,Urban,Greater Than 3,Living Together,Secondary Education,5Th To 9Th Grade,Health,Health,Reputation,Father,Less Than 15 Min,Greater Than 10 Hours,0,No,Yes,No,Yes,No,Yes,Yes,No,5,2,2,1,2,5,0,18,18,18
Gabriel Pereira,Male,19,Rural,Less Or Equal To 3,Living Together,5Th To 9Th Grade,Primary Education (4Th Grade),At Home,Services,Course,Mother,15 To 30 Min,5 To 10 Hours,1,No,No,No,Yes,Yes,Yes,Yes,Yes,4,3,1,1,1,5,0,9,10,11
Gabriel Pereira,Male,20,Urban,Greater Than 3,Apart,Secondary Education,5Th To 9Th Grade,Services,Other,Course,Other,Less Than 15 Min,Less Than 2 Hours,2,No,No,No,Yes,Yes,Yes,No,No,5,5,3,1,1,5,0,14,15,15
Gabriel Pereira,Male,19,Rural,Greater Than 3,Living Together,Secondary Education,Secondary Education,Other,Services,Reputation,Father,Less Than 15 Min,2 To 5 Hours,0,No,No,No,Yes,Yes,Yes,No,Yes,4,5,3,1,2,5,0,10,10,11
Gabriel Pereira,Female,18,Urban,Greater Than 3,Living Together,Primary Education (4Th Grade),Higher Education,Other,Teacher,Home,Mother,Less Than 15 Min,2 To 5 Hours,0,Yes,Yes,No,No,No,Yes,No,Yes,3,4,4,1,2,5,2,10,10,11
Gabriel Pereira,Female,18,Urban,Greater Than 3,Living Together,5Th To 9Th Grade,Primary Education (4Th Grade),Services,Other,Course,Mother,15 To 30 Min,2 To 5 Hours,0,No,Yes,No,Yes,Yes,Yes,Yes,No,5,3,3,1,2,1,2,12,12,15
Gabriel Pereira,Female,17,Urban,Greater Than 3,Living Together,5Th To 9Th Grade,Secondary Education,Other,Other,Course,Father,15 To 30 Min,2 To 5 Hours,0,No,No,No,Yes,Yes,Yes,Yes,Yes,4,2,1,1,1,3,2,11,12,14
Gabriel Pereira,Female,17,Rural,Greater Than 3,Living Together,Higher Education,Higher Education,Teacher,Teacher,Course,Mother,Less Than 15 Min,Less Than 2 Hours,0,No,No,No,Yes,Yes,Yes,Yes,No,4,4,4,1,1,5,2,15,16,17
Gabriel Pereira,Female,18,Urban,Greater Than 3,Living Together,Higher Education,Secondary Education,Other,Other,Course,Mother,Less Than 15 Min,5 To 10 Hours,0,No,Yes,No,Yes,Yes,Yes,Yes,Yes,4,3,4,1,1,5,2,14,15,17
Gabriel Pereira,Female,18,Urban,Less Or Equal To 3,Living Together,Higher Education,Secondary Education,Health,Services,Course,Mother,15 To 30 Min,Less Than 2 Hours,0,No,Yes,No,No,Yes,Yes,Yes,No,3,2,4,1,4,1,8,12,12,15
Gabriel Pereira,Female,17,Rural,Greater Than 3,Living Together,Secondary Education,Higher Education,At Home,Services,Course,Father,Less Than 15 Min,5 To 10 Hours,0,No,Yes,No,Yes,No,Yes,Yes,No,4,3,4,2,5,5,2,15,15,17
Gabriel Pereira,Female,18,Urban,Greater Than 3,Living Together,Secondary Education,Secondary Education,At Home,Other,Course,Father,Less Than 15 Min,2 To 5 Hours,0,No,Yes,No,No,Yes,Yes,Yes,No,4,1,4,1,1,3,8,11,12,14
Gabriel Pereira,Male,19,Urban,Greater Than 3,Living Together,Higher Education,5Th To 9Th Grade,Health,Other,Course,Mother,15 To 30 Min,2 To 5 Hours,0,No,Yes,No,Yes,Yes,Yes,Yes,Yes,5,4,4,1,1,1,9,11,10,10
Gabriel Pereira,Female,18,Urban,Greater Than 3,Living Together,Higher Education,Higher Education,Teacher,Other,Course,Mother,Less Than 15 Min,2 To 5 Hours,0,No,Yes,No,No,Yes,Yes,Yes,No,4,4,4,3,3,5,0,12,11,13
Gabriel Pereira,Female,18,Urban,Greater Than 3,Living Together,Secondary Education,Higher Education,Other,Other,Course,Mother,Less Than 15 Min,Less Than 2 Hours,0,No,Yes,No,Yes,Yes,Yes,Yes,Yes,5,4,4,1,1,1,4,11,12,14
Gabriel Pereira,Female,17,Urban,Greater Than 3,Living Together,Higher Education,Higher Education,Health,Health,Course,Mother,Less Than 15 Min,Less Than 2 Hours,0,No,No,No,Yes,Yes,Yes,Yes,No,5,3,4,1,2,5,2,14,15,17
Gabriel Pereira,Female,17,Urban,Greater Than 3,Apart,Higher Education,Secondary Education,Services,Services,Course,Mother,Less Than 15 Min,2 To 5 Hours,0,No,Yes,No,No,Yes,Yes,Yes,Yes,5,2,2,1,2,5,14,15,14,17
Gabriel Pereira,Female,17,Urban,Less Or Equal To 3,Apart,Secondary Education,Secondary Education,Services,Other,Home,Mother,Less Than 15 Min,2 To 5 Hours,0,Yes,Yes,No,No,Yes,Yes,Yes,No,5,3,3,1,1,5,0,12,12,13
Gabriel Pereira,Female,17,Urban,Less Or Equal To 3,Living Together,5Th To 9Th Grade,Primary Education (4Th Grade),Other,Other,Home,Father,Less Than 15 Min,2 To 5 Hours,0,No,No,No,Yes,Yes,Yes,Yes,No,4,2,3,2,2,2,2,11,12,14
Gabriel Pereira,Male,18,Urban,Less Or Equal To 3,Living Together,Higher Education,Higher Education,Other,Other,Reputation,Father,Less Than 15 Min,Less Than 2 Hours,0,No,Yes,No,No,Yes,Yes,Yes,No,4,2,5,3,4,5,2,8,9,11
Gabriel Pereira,Female,19,Urban,Greater Than 3,Living Together,Primary Education (4Th Grade),Primary Education (4Th Grade),Other,Other,Course,Other,30 Min To 1 Hour,5 To 10 Hours,0,No,No,No,Yes,Yes,No,No,Yes,1,5,5,4,3,5,12,10,10,11
Gabriel Pereira,Female,19,Urban,Less Or Equal To 3,Apart,Primary Education (4Th Grade),Primary Education (4Th Grade),Other,Other,Course,Other,30 Min To 1 Hour,2 To 5 Hours,2,No,Yes,No,No,No,Yes,Yes,Yes,5,3,4,1,1,4,2,8,8,9
Gabriel Pereira,Female,18,Urban,Greater Than 3,Living Together,5Th To 9Th Grade,5Th To 9Th Grade,Other,Other,Course,Mother,Less Than 15 Min,Less Than 2 Hours,0,No,Yes,No,Yes,Yes,Yes,Yes,Yes,4,3,5,2,4,5,2,10,10,10
Gabriel Pereira,Female,17,Urban,Greater Than 3,Living Together,5Th To 9Th Grade,5Th To 9Th Grade,Other,Other,Course,Mother,Less Than 15 Min,2 To 5 Hours,0,No,Yes,No,No,Yes,Yes,No,Yes,4,2,2,1,1,3,4,14,13,13
Gabriel Pereira,Female,17,Rural,Less Or Equal To 3,Living Together,5Th To 9Th Grade,5Th To 9Th Grade,Services,Services,Course,Mother,Less Than 15 Min,5 To 10 Hours,0,No,Yes,No,Yes,Yes,Yes,Yes,No,3,3,2,2,2,3,0,11,11,10
Gabriel Pereira,Female,17,Urban,Greater Than 3,Living Together,Secondary Education,Primary Education (4Th Grade),Services,Services,Course,Father,Less Than 15 Min,5 To 10 Hours,0,No,Yes,No,No,No,Yes,Yes,No,3,4,3,2,3,5,0,17,18,17
Gabriel Pereira,Female,17,Urban,Less Or Equal To 3,Living Together,None,5Th To 9Th Grade,At Home,At Home,Home,Father,15 To 30 Min,5 To 10 Hours,0,No,No,No,No,Yes,Yes,Yes,No,3,3,3,2,3,2,0,14,14,15
Gabriel Pereira,Female,18,Urban,Greater Than 3,Living Together,Primary Education (4Th Grade),Primary Education (4Th Grade),Other,Other,Home,Mother,15 To 30 Min,5 To 10 Hours,0,No,No,No,Yes,Yes,Yes,Yes,No,4,5,5,1,2,2,0,14,14,14
Gabriel Pereira,Male,18,Urban,Greater Than 3,Living Together,Higher Education,Higher Education,Other,Other,Course,Mother,Less Than 15 Min,5 To 10 Hours,0,No,No,No,Yes,Yes,Yes,Yes,No,4,3,3,2,2,3,0,13,14,13
Gabriel Pereira,Male,17,Urban,Greater Than 3,Living Together,Secondary Education,Secondary Education,Other,Services,Reputation,Mother,Less Than 15 Min,Less Than 2 Hours,0,No,No,No,Yes,No,Yes,Yes,No,4,3,5,3,5,5,0,17,18,17
Gabriel Pereira,Male,17,Rural,Greater Than 3,Living Together,5Th To 9Th Grade,5Th To 9Th Grade,Services,Other,Course,Mother,Greater Than 1 Hour,Less Than 2 Hours,0,No,Yes,No,No,Yes,Yes,Yes,No,4,4,5,5,5,4,2,11,10,10
Gabriel Pereira,Female,17,Urban,Greater Than 3,Living Together,Higher Education,Higher Education,Teacher,Services,Course,Mother,Less Than 15 Min,5 To 10 Hours,0,No,Yes,No,Yes,Yes,Yes,Yes,No,5,4,4,1,3,4,0,13,12,13
Gabriel Pereira,Female,17,Urban,Greater Than 3,Living Together,Higher Education,Higher Education,Teacher,Teacher,Course,Mother,15 To 30 Min,5 To 10 Hours,0,No,Yes,No,No,No,Yes,Yes,Yes,4,3,3,1,2,4,4,15,14,15
Gabriel Pereira,Female,17,Urban,Greater Than 3,Living Together,Secondary Education,Secondary Education,At Home,Other,Course,Mother,Less Than 15 Min,Less Than 2 Hours,0,No,Yes,Yes,Yes,Yes,Yes,Yes,No,4,2,5,2,5,5,2,11,12,11
Gabriel Pereira,Male,18,Urban,Less Or Equal To 3,Living Together,5Th To 9Th Grade,5Th To 9Th Grade,Other,Other,Course,Mother,Less Than 15 Min,Greater Than 10 Hours,0,No,Yes,Yes,Yes,Yes,Yes,Yes,No,4,5,5,2,4,5,0,11,11,12
Gabriel Pereira,Male,19,Rural,Greater Than 3,Living Together,Secondary Education,5Th To 9Th Grade,At Home,Services,Home,Other,Less Than 15 Min,Less Than 2 Hours,0,No,Yes,No,No,No,Yes,No,Yes,5,3,4,2,2,5,0,11,10,10
Gabriel Pereira,Female,18,Urban,Greater Than 3,Living Together,5Th To 9Th Grade,5Th To 9Th Grade,At Home,Other,Course,Mother,Greater Than 1 Hour,2 To 5 Hours,0,No,No,No,Yes,Yes,Yes,No,Yes,4,2,5,1,1,2,2,10,9,10
Gabriel Pereira,Female,17,Rural,Greater Than 3,Living Together,5Th To 9Th Grade,Higher Education,At Home,Other,Course,Father,Less Than 15 Min,5 To 10 Hours,0,No,Yes,No,No,Yes,Yes,Yes,Yes,4,4,3,1,1,5,0,15,15,15
Gabriel Pereira,Male,18,Urban,Greater Than 3,Living Together,5Th To 9Th Grade,5Th To 9Th Grade,Other,Other,Reputation,Mother,Less Than 15 Min,Less Than 2 Hours,0,No,No,No,No,No,Yes,Yes,No,5,4,2,1,2,5,6,15,14,15
Gabriel Pereira,Female,18,Urban,Greater Than 3,Living Together,Secondary Education,Secondary Education,Services,Services,Home,Mother,Less Than 15 Min,2 To 5 Hours,0,No,No,No,Yes,Yes,Yes,Yes,No,5,3,4,1,1,4,8,10,11,12
Gabriel Pereira,Female,18,Urban,Less Or Equal To 3,Living Together,5Th To 9Th Grade,5Th To 9Th Grade,Other,Other,Home,Other,Less Than 15 Min,2 To 5 Hours,0,No,No,No,Yes,No,Yes,Yes,Yes,4,3,3,1,1,2,0,10,9,12
Gabriel Pereira,Female,18,Rural,Greater Than 3,Living Together,5Th To 9Th Grade,5Th To 9Th Grade,At Home,Other,Course,Mother,15 To 30 Min,Greater Than 10 Hours,0,No,No,No,Yes,Yes,Yes,No,No,4,4,4,1,1,4,6,14,13,14
Gabriel Pereira,Female,17,Urban,Greater Than 3,Living Together,Secondary Education,Higher Education,Services,Other,Course,Mother,Less Than 15 Min,5 To 10 Hours,0,No,No,No,No,Yes,Yes,Yes,No,4,4,5,1,3,5,8,11,13,14
Gabriel Pereira,Female,17,Urban,Greater Than 3,Living Together,Secondary Education,5Th To 9Th Grade,Other,Other,Home,Mother,Less Than 15 Min,2 To 5 Hours,0,No,Yes,No,No,Yes,Yes,Yes,Yes,4,3,2,2,3,2,0,12,13,15
Gabriel Pereira,Female,18,Urban,Less Or Equal To 3,Living Together,Secondary Education,Secondary Education,Services,Services,Home,Mother,Less Than 15 Min,Greater Than 10 Hours,0,No,Yes,No,No,Yes,Yes,Yes,No,5,3,3,1,1,1,4,14,14,15
Gabriel Pereira,Female,17,Rural,Greater Than 3,Apart,Secondary Education,5Th To 9Th Grade,Other,Other,Home,Mother,Less Than 15 Min,2 To 5 Hours,0,No,Yes,No,No,Yes,Yes,Yes,No,4,3,3,2,3,2,0,14,14,16
Gabriel Pereira,Male,18,Urban,Greater Than 3,Living Together,Higher Education,Higher Education,Teacher,Services,Home,Father,Less Than 15 Min,2 To 5 Hours,0,No,Yes,No,Yes,Yes,Yes,Yes,No,4,3,3,2,2,2,0,12,12,13
Gabriel Pereira,Male,18,Urban,Less Or Equal To 3,Living Together,Secondary Education,Higher Education,Services,Other,Home,Mother,Less Than 15 Min,2 To 5 Hours,0,No,No,No,Yes,Yes,Yes,Yes,Yes,4,3,3,1,3,5,6,16,16,17
Gabriel Pereira,Female,17,Urban,Greater Than 3,Apart,5Th To 9Th Grade,5Th To 9Th Grade,At Home,At Home,Home,Father,Less Than 15 Min,2 To 5 Hours,0,No,Yes,No,No,Yes,Yes,Yes,Yes,3,3,1,1,2,4,18,10,12,14
Gabriel Pereira,Female,18,Urban,Greater Than 3,Living Together,5Th To 9Th Grade,Secondary Education,At Home,Other,Course,Mother,Less Than 15 Min,5 To 10 Hours,0,No,Yes,No,No,Yes,Yes,Yes,No,4,3,3,1,2,3,0,11,12,14
Gabriel Pereira,Female,18,Urban,Greater Than 3,Living Together,Secondary Education,5Th To 9Th Grade,Other,Services,Other,Mother,Less Than 15 Min,5 To 10 Hours,0,No,No,No,No,Yes,Yes,Yes,Yes,5,4,3,2,3,1,4,14,16,17
Gabriel Pereira,Male,18,Rural,Greater Than 3,Living Together,Higher Education,Secondary Education,Teacher,Services,Course,Mother,Less Than 15 Min,5 To 10 Hours,0,No,No,No,No,Yes,Yes,Yes,Yes,5,3,2,1,2,4,4,15,14,17
Gabriel Pereira,Male,18,Urban,Greater Than 3,Living Together,Higher Education,Secondary Education,Teacher,Other,Course,Mother,Less Than 15 Min,5 To 10 Hours,0,No,Yes,No,No,Yes,Yes,Yes,Yes,5,4,5,2,3,5,0,14,13,14
Gabriel Pereira,Female,17,Urban,Greater Than 3,Living Together,Higher Education,Secondary Education,Health,Other,Reputation,Mother,Less Than 15 Min,5 To 10 Hours,0,No,Yes,No,Yes,Yes,Yes,Yes,Yes,4,4,3,1,3,4,0,11,12,13
Gabriel Pereira,Female,17,Urban,Greater Than 3,Living Together,5Th To 9Th Grade,Primary Education (4Th Grade),Services,Other,Course,Mother,15 To 30 Min,2 To 5 Hours,0,No,Yes,No,Yes,Yes,Yes,Yes,Yes,4,3,4,2,2,1,10,12,15,15
Gabriel Pereira,Female,17,Urban,Greater Than 3,Living Together,5Th To 9Th Grade,Primary Education (4Th Grade),Services,Other,Reputation,Mother,Less Than 15 Min,2 To 5 Hours,0,No,Yes,No,Yes,Yes,Yes,Yes,No,4,3,5,2,4,4,4,12,16,16
Gabriel Pereira,Female,19,Urban,Less Or Equal To 3,Apart,5Th To 9Th Grade,Secondary Education,At Home,Other,Home,Other,15 To 30 Min,Less Than 2 Hours,1,No,No,No,No,Yes,No,Yes,No,2,2,3,3,4,5,16,10,11,11
Gabriel Pereira,Female,17,Urban,Greater Than 3,Living Together,Secondary Education,Primary Education (4Th Grade),Other,At Home,Home,Mother,Less Than 15 Min,Less Than 2 Hours,1,No,Yes,Yes,No,Yes,Yes,Yes,Yes,4,1,2,1,1,3,6,10,13,13
Gabriel Pereira,Female,21,Urban,Less Or Equal To 3,Living Together,Higher Education,Higher Education,Other,Other,Reputation,Other,Less Than 15 Min,5 To 10 Hours,2,No,No,Yes,Yes,Yes,Yes,Yes,No,3,3,2,1,1,5,0,9,12,12
Gabriel Pereira,Male,18,Urban,Less Or Equal To 3,Living Together,5Th To 9Th Grade,5Th To 9Th Grade,Services,Services,Reputation,Mother,Less Than 15 Min,2 To 5 Hours,0,No,Yes,No,Yes,No,No,Yes,No,4,4,4,1,3,3,11,9,11,12
Gabriel Pereira,Male,18,Urban,Less Or Equal To 3,Apart,Secondary Education,Higher Education,Other,Other,Reputation,Other,Less Than 15 Min,2 To 5 Hours,0,No,No,No,Yes,Yes,Yes,Yes,Yes,4,3,5,1,4,2,9,13,14,15
Gabriel Pereira,Female,17,Urban,Greater Than 3,Living Together,5Th To 9Th Grade,5Th To 9Th Grade,Services,Services,Reputation,Mother,Less Than 15 Min,2 To 5 Hours,0,No,Yes,No,Yes,Yes,Yes,Yes,No,4,3,4,1,3,4,0,13,17,17
Gabriel Pereira,Male,17,Urban,Less Or Equal To 3,Apart,Higher Education,Higher Education,Health,Other,Reputation,Mother,Less Than 15 Min,5 To 10 Hours,0,No,Yes,No,No,Yes,Yes,Yes,No,4,4,2,1,2,4,2,12,15,15
Gabriel Pereira,Female,18,Urban,Less Or Equal To 3,Living Together,Higher Education,5Th To 9Th Grade,Teacher,Other,Course,Mother,Less Than 15 Min,2 To 5 Hours,0,No,Yes,No,Yes,Yes,Yes,Yes,No,4,2,2,1,1,3,0,14,17,17
Gabriel Pereira,Male,21,Rural,Less Or Equal To 3,Living Together,Primary Education (4Th Grade),Primary Education (4Th Grade),At Home,Other,Course,Other,15 To 30 Min,2 To 5 Hours,2,No,Yes,No,Yes,Yes,No,Yes,Yes,5,3,3,5,2,4,21,9,10,10
Gabriel Pereira,Female,20,Rural,Greater Than 3,Living Together,Primary Education (4Th Grade),Primary Education (4Th Grade),Other,Other,Reputation,Other,15 To 30 Min,5 To 10 Hours,0,No,No,No,No,Yes,Yes,Yes,Yes,3,2,2,1,3,3,8,11,15,15
Gabriel Pereira,Female,19,Urban,Greater Than 3,Living Together,Higher Education,Higher Education,Teacher,Other,Home,Other,Less Than 15 Min,Less Than 2 Hours,1,No,Yes,No,No,Yes,Yes,Yes,Yes,3,2,5,4,4,5,5,9,10,11
Gabriel Pereira,Male,17,Urban,Less Or Equal To 3,Apart,Secondary Education,5Th To 9Th Grade,Other,Other,Reputation,Mother,Less Than 15 Min,2 To 5 Hours,0,No,Yes,No,No,Yes,Yes,Yes,No,4,4,4,1,2,5,10,16,18,18
Gabriel Pereira,Female,18,Urban,Greater Than 3,Living Together,Secondary Education,5Th To 9Th Grade,At Home,Other,Reputation,Father,Less Than 15 Min,5 To 10 Hours,0,No,Yes,No,No,Yes,Yes,Yes,Yes,4,3,4,1,2,2,5,14,17,17
Gabriel Pereira,Male,18,Rural,Greater Than 3,Living Together,5Th To 9Th Grade,Secondary Education,Other,Services,Reputation,Father,Less Than 15 Min,Less Than 2 Hours,0,No,No,No,No,Yes,Yes,Yes,No,3,1,3,4,5,4,13,13,14,14
Gabriel Pereira,Male,19,Urban,Greater Than 3,Living Together,5Th To 9Th Grade,Primary Education (4Th Grade),Other,Other,Reputation,Mother,Less Than 15 Min,Less Than 2 Hours,0,No,No,No,No,Yes,Yes,Yes,No,5,3,4,1,4,4,10,7,11,11
Gabriel Pereira,Female,18,Urban,Less Or Equal To 3,Apart,5Th To 9Th Grade,5Th To 9Th Grade,Services,Other,Reputation,Mother,15 To 30 Min,2 To 5 Hours,0,No,Yes,No,No,Yes,Yes,Yes,No,4,1,4,1,3,4,10,14,17,17
Gabriel Pereira,Female,20,Urban,Greater Than 3,Living Together,Primary Education (4Th Grade),None,Other,Other,Reputation,Mother,15 To 30 Min,Less Than 2 Hours,1,Yes,No,No,No,Yes,Yes,Yes,Yes,5,3,1,1,1,5,5,8,10,10
Gabriel Pereira,Female,18,Urban,Greater Than 3,Living Together,Secondary Education,5Th To 9Th Grade,Services,Other,Home,Mother,Less Than 15 Min,2 To 5 Hours,0,No,Yes,No,Yes,No,Yes,Yes,Yes,3,1,2,1,2,1,4,10,13,13
Mousinho Da Silveira,Female,16,Urban,Greater Than 3,Living Together,Primary Education (4Th Grade),Secondary Education,At Home,Other,Other,Father,15 To 30 Min,Less Than 2 Hours,0,No,Yes,No,No,Yes,No,Yes,Yes,4,3,3,1,3,5,11,10,11,11
Mousinho Da Silveira,Female,16,Rural,Greater Than 3,Living Together,5Th To 9Th Grade,5Th To 9Th Grade,Other,Other,Course,Mother,15 To 30 Min,2 To 5 Hours,0,No,Yes,No,Yes,Yes,Yes,Yes,No,4,4,4,1,1,5,0,12,12,12
Mousinho Da Silveira,Female,15,Rural,Greater Than 3,Living Together,Primary Education (4Th Grade),Primary Education (4Th Grade),At Home,Services,Other,Mother,Less Than 15 Min,Less Than 2 Hours,1,No,Yes,No,No,Yes,Yes,No,Yes,4,1,3,1,1,2,6,10,10,10
Mousinho Da Silveira,Female,15,Rural,Greater Than 3,Living Together,Secondary Education,Secondary Education,At Home,Other,Course,Mother,15 To 30 Min,Less Than 2 Hours,0,No,Yes,No,No,Yes,Yes,Yes,No,5,4,4,2,3,5,4,10,10,11
Mousinho Da Silveira,Female,16,Rural,Greater Than 3,Living Together,5Th To 9Th Grade,Secondary Education,At Home,Services,Course,Mother,15 To 30 Min,2 To 5 Hours,0,No,No,No,No,Yes,Yes,No,No,4,5,2,1,2,5,0,16,17,17
Mousinho Da Silveira,Female,15,Rural,Less Or Equal To 3,Living Together,5Th To 9Th Grade,Primary Education (4Th Grade),At Home,Other,Home,Mother,15 To 30 Min,Less Than 2 Hours,0,No,No,No,No,Yes,No,No,No,1,3,4,1,1,1,0,6,8,9
Mousinho Da Silveira,Male,16,Rural,Less Or Equal To 3,Apart,Higher Education,Higher Education,At Home,Other,Home,Mother,Less Than 15 Min,2 To 5 Hours,0,No,Yes,No,No,Yes,Yes,No,No,5,3,2,1,3,2,5,10,11,11
Mousinho Da Silveira,Male,16,Urban,Greater Than 3,Apart,Primary Education (4Th Grade),5Th To 9Th Grade,Other,Other,Other,Mother,Less Than 15 Min,5 To 10 Hours,0,Yes,No,No,No,Yes,Yes,Yes,No,4,4,3,1,1,5,0,10,11,11
Mousinho Da Silveira,Female,17,Rural,Greater Than 3,Living Together,Secondary Education,5Th To 9Th Grade,At Home,Other,Course,Father,Less Than 15 Min,2 To 5 Hours,1,No,No,No,No,Yes,Yes,No,Yes,4,5,4,1,2,5,0,10,10,10
Mousinho Da Silveira,Female,17,Rural,Greater Than 3,Living Together,Primary Education (4Th Grade),Primary Education (4Th Grade),Other,Other,Other,Father,Less Than 15 Min,Less Than 2 Hours,1,No,Yes,No,No,No,No,Yes,No,5,4,4,2,2,5,0,6,6,7
Mousinho Da Silveira,Female,15,Rural,Greater Than 3,Living Together,Higher Education,Higher Education,Teacher,Other,Course,Mother,15 To 30 Min,Less Than 2 Hours,0,No,No,No,No,Yes,Yes,Yes,Yes,1,5,1,3,5,5,0,13,14,14
Mousinho Da Silveira,Female,16,Urban,Less Or Equal To 3,Apart,5Th To 9Th Grade,5Th To 9Th Grade,At Home,Other,Reputation,Mother,15 To 30 Min,Greater Than 10 Hours,0,No,No,No,Yes,No,No,No,Yes,1,2,1,1,1,1,4,10,9,11
Mousinho Da Silveira,Female,15,Rural,Less Or Equal To 3,Living Together,Primary Education (4Th Grade),Primary Education (4Th Grade),At Home,Services,Reputation,Father,15 To 30 Min,2 To 5 Hours,0,No,Yes,No,No,Yes,Yes,Yes,No,5,4,3,1,2,4,0,10,10,10
Mousinho Da Silveira,Female,15,Rural,Less Or Equal To 3,Living Together,Primary Education (4Th Grade),Primary Education (4Th Grade),Other,Services,Course,Mother,15 To 30 Min,Less Than 2 Hours,1,No,Yes,No,No,Yes,Yes,Yes,Yes,4,4,3,1,2,2,4,6,7,8
Mousinho Da Silveira,Female,16,Rural,Greater Than 3,Living Together,None,5Th To 9Th Grade,Other,Other,Other,Mother,15 To 30 Min,Less Than 2 Hours,0,No,Yes,No,Yes,Yes,Yes,No,No,3,2,3,1,2,2,0,12,11,12
Mousinho Da Silveira,Female,17,Rural,Greater Than 3,Living Together,5Th To 9Th Grade,Secondary Education,Other,Other,Course,Mother,15 To 30 Min,Less Than 2 Hours,0,No,Yes,No,No,Yes,Yes,Yes,No,5,5,5,1,3,3,2,10,11,12
Mousinho Da Silveira,Female,15,Rural,Greater Than 3,Living Together,Secondary Education,Secondary Education,Other,Services,Course,Father,15 To 30 Min,Less Than 2 Hours,0,No,No,No,No,No,Yes,Yes,No,4,1,3,1,1,4,0,14,16,16
Mousinho Da Silveira,Male,16,Urban,Greater Than 3,Living Together,Primary Education (4Th Grade),Primary Education (4Th Grade),At Home,Services,Home,Mother,15 To 30 Min,2 To 5 Hours,0,No,Yes,No,Yes,Yes,Yes,No,Yes,5,4,5,4,5,3,0,7,0,0
Mousinho Da Silveira,Male,17,Urban,Greater Than 3,Living Together,Primary Education (4Th Grade),Primary Education (4Th Grade),Other,Other,Home,Mother,Less Than 15 Min,2 To 5 Hours,0,No,No,Yes,No,No,Yes,Yes,No,4,4,3,2,4,5,4,8,9,9
Mousinho Da Silveira,Male,15,Rural,Less Or Equal To 3,Living Together,Higher Education,Primary Education (4Th Grade),Health,Services,Reputation,Father,Less Than 15 Min,2 To 5 Hours,0,No,Yes,No,Yes,Yes,Yes,Yes,No,5,3,4,1,2,2,0,12,13,14
Mousinho Da Silveira,Male,15,Rural,Less Or Equal To 3,Living Together,Higher Education,Primary Education (4Th Grade),Health,Services,Reputation,Father,Less Than 15 Min,2 To 5 Hours,0,No,Yes,No,Yes,Yes,Yes,Yes,No,5,3,4,1,2,2,7,7,9,8
Mousinho Da Silveira,Male,16,Rural,Greater Than 3,Living Together,Secondary Education,Higher Education,Other,Health,Other,Mother,30 Min To 1 Hour,2 To 5 Hours,0,No,No,No,No,No,Yes,No,No,3,4,5,1,2,5,4,9,10,11
Mousinho Da Silveira,Male,15,Rural,Greater Than 3,Living Together,Primary Education (4Th Grade),Primary Education (4Th Grade),Other,Other,Course,Mother,Greater Than 1 Hour,2 To 5 Hours,0,No,Yes,No,Yes,Yes,Yes,No,Yes,5,4,5,2,4,4,8,7,9,9
Mousinho Da Silveira,Male,15,Urban,Less Or Equal To 3,Living Together,Secondary Education,Secondary Education,At Home,At Home,Reputation,Father,Less Than 15 Min,2 To 5 Hours,0,No,Yes,No,Yes,Yes,Yes,Yes,No,5,3,3,1,1,5,0,11,11,11
Mousinho Da Silveira,Male,17,Rural,Greater Than 3,Living Together,5Th To 9Th Grade,Primary Education (4Th Grade),Other,Other,Other,Mother,30 Min To 1 Hour,Less Than 2 Hours,0,No,No,No,Yes,Yes,No,No,Yes,5,5,5,5,5,3,8,8,10,9
Mousinho Da Silveira,Female,16,Rural,Greater Than 3,Living Together,Higher Education,Higher Education,Teacher,Teacher,Course,Mother,15 To 30 Min,5 To 10 Hours,0,No,No,No,Yes,Yes,Yes,Yes,Yes,4,2,2,1,1,4,6,16,16,17
Mousinho Da Silveira,Female,15,Rural,Greater Than 3,Living Together,Primary Education (4Th Grade),5Th To 9Th Grade,Other,Services,Course,Mother,15 To 30 Min,Less Than 2 Hours,0,No,No,No,No,Yes,Yes,No,No,5,1,2,1,1,1,3,11,13,13
Mousinho Da Silveira,Female,16,Rural,Greater Than 3,Living Together,5Th To 9Th Grade,Secondary Education,Other,Services,Course,Mother,30 Min To 1 Hour,2 To 5 Hours,0,No,Yes,No,No,Yes,Yes,Yes,No,4,5,4,1,2,1,2,15,15,15
Mousinho Da Silveira,Male,16,Rural,Greater Than 3,Living Together,Primary Education (4Th Grade),5Th To 9Th Grade,Other,Other,Course,Father,15 To 30 Min,2 To 5 Hours,0,No,No,No,No,Yes,Yes,No,No,4,3,3,1,1,5,0,10,11,11
Mousinho Da Silveira,Female,16,Rural,Greater Than 3,Living Together,5Th To 9Th Grade,5Th To 9Th Grade,Other,Other,Course,Mother,30 Min To 1 Hour,2 To 5 Hours,0,No,Yes,No,No,Yes,Yes,Yes,No,4,4,5,1,1,4,4,9,10,11
Mousinho Da Silveira,Female,16,Urban,Greater Than 3,Living Together,Primary Education (4Th Grade),5Th To 9Th Grade,Other,Services,Course,Mother,Less Than 15 Min,5 To 10 Hours,1,No,Yes,No,No,Yes,Yes,No,No,1,3,2,1,2,4,0,10,8,8
Mousinho Da Silveira,Female,16,Urban,Greater Than 3,Living Together,Primary Education (4Th Grade),5Th To 9Th Grade,Other,Services,Course,Mother,Less Than 15 Min,5 To 10 Hours,1,No,Yes,No,No,Yes,Yes,No,No,1,3,2,1,2,4,3,9,8,8
Mousinho Da Silveira,Female,15,Urban,Greater Than 3,Living Together,5Th To 9Th Grade,Primary Education (4Th Grade),At Home,Other,Home,Mother,Less Than 15 Min,2 To 5 Hours,0,Yes,Yes,No,No,No,Yes,Yes,No,4,4,2,3,3,2,0,9,10,9
Mousinho Da Silveira,Female,16,Urban,Greater Than 3,Living Together,Primary Education (4Th Grade),Primary Education (4Th Grade),At Home,Other,Course,Father,Less Than 15 Min,2 To 5 Hours,0,No,Yes,No,No,No,Yes,No,Yes,5,4,3,2,1,2,0,13,14,15
Mousinho Da Silveira,Male,17,Rural,Less Or Equal To 3,Living Together,Primary Education (4Th Grade),5Th To 9Th Grade,At Home,Services,Reputation,Mother,Less Than 15 Min,Less Than 2 Hours,0,No,Yes,No,Yes,Yes,Yes,Yes,No,5,5,5,5,5,3,4,10,11,11
Mousinho Da Silveira,Female,16,Rural,Greater Than 3,Living Together,Primary Education (4Th Grade),Primary Education (4Th Grade),Other,Other,Home,Father,Greater Than 1 Hour,Greater Than 10 Hours,0,No,Yes,No,No,No,Yes,Yes,No,4,3,2,1,1,1,0,13,10,13
Mousinho Da Silveira,Female,16,Rural,Greater Than 3,Living Together,Primary Education (4Th Grade),Primary Education (4Th Grade),At Home,Other,Other,Father,Greater Than 1 Hour,5 To 10 Hours,0,Yes,Yes,No,No,Yes,Yes,No,No,4,4,3,1,1,5,2,10,9,10
Mousinho Da Silveira,Female,15,Rural,Greater Than 3,Living Together,Primary Education (4Th Grade),Primary Education (4Th Grade),At Home,Other,Home,Father,15 To 30 Min,2 To 5 Hours,0,No,Yes,No,Yes,Yes,Yes,Yes,No,4,3,3,1,1,2,1,11,10,11
Mousinho Da Silveira,Female,16,Rural,Greater Than 3,Living Together,Primary Education (4Th Grade),Primary Education (4Th Grade),At Home,Other,Other,Mother,15 To 30 Min,Less Than 2 Hours,0,No,No,No,Yes,Yes,Yes,Yes,Yes,4,2,2,4,3,2,0,13,12,14
Mousinho Da Silveira,Female,15,Rural,Greater Than 3,Living Together,Primary Education (4Th Grade),Primary Education (4Th Grade),At Home,At Home,Course,Father,30 Min To 1 Hour,2 To 5 Hours,0,No,Yes,No,No,Yes,Yes,No,No,4,2,1,1,2,2,0,13,14,14
Mousinho Da Silveira,Female,15,Rural,Less Or Equal To 3,Living Together,5Th To 9Th Grade,5Th To 9Th Grade,Other,Other,Other,Father,Less Than 15 Min,5 To 10 Hours,0,Yes,Yes,No,No,Yes,Yes,No,No,4,4,3,2,2,5,2,14,11,12
Mousinho Da Silveira,Male,16,Rural,Greater Than 3,Living Together,Primary Education (4Th Grade),Primary Education (4Th Grade),At Home,Other,Other,Father,15 To 30 Min,Less Than 2 Hours,0,No,No,No,Yes,Yes,Yes,No,No,3,4,4,3,4,5,6,11,11,11
Mousinho Da Silveira,Female,18,Urban,Greater Than 3,Living Together,Primary Education (4Th Grade),5Th To 9Th Grade,Other,Other,Course,Father,Less Than 15 Min,2 To 5 Hours,1,No,Yes,No,Yes,Yes,Yes,Yes,Yes,3,4,4,2,3,5,9,9,8,8
Mousinho Da Silveira,Male,15,Urban,Greater Than 3,Living Together,Secondary Education,Primary Education (4Th Grade),Other,Services,Home,Mother,15 To 30 Min,Less Than 2 Hours,0,No,Yes,No,No,Yes,Yes,No,No,3,2,3,1,3,4,0,10,9,11
Mousinho Da Silveira,Female,16,Rural,Greater Than 3,Living Together,5Th To 9Th Grade,5Th To 9Th Grade,Other,Services,Course,Father,30 Min To 1 Hour,2 To 5 Hours,0,No,Yes,No,Yes,Yes,Yes,Yes,No,5,3,4,1,1,2,1,14,13,14
Mousinho Da Silveira,Male,15,Urban,Greater Than 3,Living Together,5Th To 9Th Grade,5Th To 9Th Grade,Health,Other,Reputation,Mother,30 Min To 1 Hour,Less Than 2 Hours,0,No,No,No,No,Yes,Yes,No,No,4,3,3,1,2,4,1,13,12,13
Mousinho Da Silveira,Male,16,Urban,Greater Than 3,Living Together,Higher Education,Higher Education,Other,Teacher,Course,Father,Less Than 15 Min,2 To 5 Hours,0,No,Yes,No,Yes,Yes,Yes,No,Yes,4,3,1,1,1,3,0,13,12,13
Mousinho Da Silveira,Female,15,Rural,Greater Than 3,Living Together,Secondary Education,Secondary Education,Services,Other,Reputation,Mother,Less Than 15 Min,2 To 5 Hours,0,No,Yes,No,No,Yes,Yes,Yes,Yes,4,5,4,1,1,1,4,13,12,12
Mousinho Da Silveira,Female,16,Rural,Greater Than 3,Living Together,5Th To 9Th Grade,5Th To 9Th Grade,At Home,Other,Course,Mother,15 To 30 Min,2 To 5 Hours,1,No,Yes,No,Yes,No,Yes,No,No,4,4,4,2,3,5,2,12,11,12
Mousinho Da Silveira,Female,16,Rural,Less Or Equal To 3,Living Together,5Th To 9Th Grade,5Th To 9Th Grade,Other,Other,Home,Father,30 Min To 1 Hour,Less Than 2 Hours,0,No,Yes,No,Yes,Yes,Yes,No,Yes,4,3,2,1,1,4,0,14,14,16
Mousinho Da Silveira,Male,16,Urban,Less Or Equal To 3,Living Together,5Th To 9Th Grade,Primary Education (4Th Grade),At Home,Services,Course,Mother,15 To 30 Min,Less Than 2 Hours,0,No,Yes,No,Yes,Yes,Yes,Yes,No,2,4,3,2,3,4,4,10,8,10
Mousinho Da Silveira,Male,15,Rural,Less Or Equal To 3,Living Together,Primary Education (4Th Grade),Secondary Education,At Home,Other,Reputation,Father,30 Min To 1 Hour,Less Than 2 Hours,0,No,Yes,No,Yes,Yes,Yes,Yes,No,4,2,4,3,5,3,2,10,11,11
Mousinho Da Silveira,Female,15,Urban,Greater Than 3,Living Together,5Th To 9Th Grade,5Th To 9Th Grade,Other,Services,Course,Mother,15 To 30 Min,5 To 10 Hours,0,No,Yes,No,Yes,Yes,Yes,No,No,5,3,2,1,1,4,0,12,13,14
Mousinho Da Silveira,Female,16,Rural,Less Or Equal To 3,Living Together,5Th To 9Th Grade,Primary Education (4Th Grade),Other,Other,Home,Mother,Less Than 15 Min,Less Than 2 Hours,0,No,Yes,No,No,Yes,Yes,Yes,Yes,5,4,3,1,1,5,2,10,8,8
Mousinho Da Silveira,Male,15,Urban,Greater Than 3,Living Together,Secondary Education,Secondary Education,Services,Services,Course,Father,15 To 30 Min,Less Than 2 Hours,0,No,Yes,No,Yes,No,Yes,Yes,No,4,3,3,2,4,3,11,12,10,11
Mousinho Da Silveira,Female,16,Rural,Greater Than 3,Living Together,Primary Education (4Th Grade),Primary Education (4Th Grade),At Home,Other,Course,Father,15 To 30 Min,2 To 5 Hours,3,Yes,Yes,No,No,Yes,Yes,No,No,3,4,3,1,1,1,0,7,7,8
Mousinho Da Silveira,Female,17,Urban,Greater Than 3,Living Together,5Th To 9Th Grade,5Th To 9Th Grade,Other,At Home,Course,Mother,Less Than 15 Min,Less Than 2 Hours,0,No,Yes,No,Yes,Yes,No,No,No,4,5,3,1,1,5,4,9,9,10
Mousinho Da Silveira,Female,19,Urban,Greater Than 3,Living Together,5Th To 9Th Grade,Secondary Education,At Home,Services,Course,Other,Less Than 15 Min,Less Than 2 Hours,1,No,No,No,No,Yes,No,Yes,Yes,4,4,4,1,1,2,0,9,9,10
Mousinho Da Silveira,Female,17,Rural,Greater Than 3,Living Together,5Th To 9Th Grade,Primary Education (4Th Grade),At Home,Other,Course,Mother,30 Min To 1 Hour,Less Than 2 Hours,0,No,Yes,No,Yes,Yes,No,No,Yes,5,5,3,1,1,3,2,9,10,11
Mousinho Da Silveira,Female,15,Rural,Less Or Equal To 3,Living Together,Primary Education (4Th Grade),Primary Education (4Th Grade),At Home,Other,Course,Mother,15 To 30 Min,Less Than 2 Hours,0,No,Yes,No,No,Yes,No,No,Yes,5,2,1,1,3,4,0,9,10,9
Mousinho Da Silveira,Female,16,Rural,Greater Than 3,Living Together,5Th To 9Th Grade,5Th To 9Th Grade,Other,Other,Course,Father,30 Min To 1 Hour,2 To 5 Hours,0,No,Yes,No,No,Yes,No,Yes,No,3,4,5,1,2,1,1,9,10,11
Mousinho Da Silveira,Female,16,Urban,Less Or Equal To 3,Apart,5Th To 9Th Grade,5Th To 9Th Grade,Other,Other,Home,Mother,Less Than 15 Min,Less Than 2 Hours,0,No,Yes,No,No,Yes,No,No,No,4,3,4,1,2,1,6,7,7,8
Mousinho Da Silveira,Female,17,Rural,Greater Than 3,Living Together,5Th To 9Th Grade,5Th To 9Th Grade,At Home,Other,Course,Mother,15 To 30 Min,2 To 5 Hours,0,No,Yes,No,No,Yes,Yes,Yes,No,4,3,5,1,2,4,0,11,10,11
Mousinho Da Silveira,Female,16,Urban,Greater Than 3,Living Together,5Th To 9Th Grade,5Th To 9Th Grade,Other,Services,Course,Father,Less Than 15 Min,Less Than 2 Hours,1,No,Yes,Yes,Yes,No,Yes,Yes,No,4,4,3,1,4,3,1,9,10,10
Mousinho Da Silveira,Female,18,Rural,Less Or Equal To 3,Apart,Secondary Education,5Th To 9Th Grade,Other,Other,Course,Other,15 To 30 Min,5 To 10 Hours,2,No,Yes,No,No,No,No,No,Yes,3,3,2,1,1,2,6,7,9,10
Mousinho Da Silveira,Female,19,Urban,Greater Than 3,Living Together,Primary Education (4Th Grade),Primary Education (4Th Grade),At Home,Services,Course,Mother,Less Than 15 Min,5 To 10 Hours,1,No,No,No,Yes,Yes,No,No,Yes,5,3,1,1,1,3,6,7,9,9
Mousinho Da Silveira,Male,18,Rural,Greater Than 3,Living Together,Primary Education (4Th Grade),Primary Education (4Th Grade),Other,Other,Home,Mother,15 To 30 Min,Less Than 2 Hours,1,No,No,No,Yes,Yes,No,Yes,No,4,4,3,3,4,4,0,8,9,10
Mousinho Da Silveira,Female,18,Rural,Greater Than 3,Living Together,Primary Education (4Th Grade),Primary Education (4Th Grade),At Home,At Home,Course,Mother,15 To 30 Min,Less Than 2 Hours,1,No,No,No,No,No,No,Yes,Yes,3,2,3,1,1,2,4,9,11,10
Mousinho Da Silveira,Female,19,Urban,Greater Than 3,Living Together,Primary Education (4Th Grade),Primary Education (4Th Grade),Other,Other,Course,Other,15 To 30 Min,2 To 5 Hours,1,No,Yes,No,No,Yes,Yes,Yes,Yes,1,1,4,4,1,1,12,7,8,9
Mousinho Da Silveira,Female,16,Rural,Greater Than 3,Apart,5Th To 9Th Grade,5Th To 9Th Grade,Health,Other,Course,Mother,Less Than 15 Min,2 To 5 Hours,0,No,No,No,No,No,Yes,No,Yes,3,3,2,1,1,3,2,8,10,10
Mousinho Da Silveira,Female,17,Urban,Greater Than 3,Living Together,None,Primary Education (4Th Grade),Other,At Home,Course,Father,15 To 30 Min,Less Than 2 Hours,0,No,No,No,Yes,No,Yes,No,No,2,4,4,3,5,5,5,9,9,10
Mousinho Da Silveira,Female,16,Rural,Less Or Equal To 3,Living Together,Primary Education (4Th Grade),5Th To 9Th Grade,At Home,Other,Course,Mother,Less Than 15 Min,2 To 5 Hours,0,No,No,No,Yes,Yes,No,Yes,No,4,4,5,1,3,3,0,8,9,9
Mousinho Da Silveira,Female,16,Urban,Greater Than 3,Living Together,Secondary Education,Secondary Education,Other,Other,Reputation,Mother,Less Than 15 Min,Less Than 2 Hours,0,No,No,No,Yes,Yes,No,Yes,Yes,4,5,4,1,1,4,0,14,13,13
Mousinho Da Silveira,Female,16,Rural,Less Or Equal To 3,Living Together,Primary Education (4Th Grade),Primary Education (4Th Grade),Services,Services,Home,Mother,Less Than 15 Min,Less Than 2 Hours,0,No,Yes,No,Yes,Yes,Yes,Yes,Yes,4,4,4,2,2,4,2,14,14,14
Mousinho Da Silveira,Male,17,Urban,Greater Than 3,Living Together,Secondary Education,Secondary Education,Services,At Home,Course,Mother,15 To 30 Min,Greater Than 10 Hours,1,No,Yes,Yes,Yes,Yes,Yes,No,No,5,4,5,3,4,5,0,10,11,10
Mousinho Da Silveira,Female,16,Urban,Greater Than 3,Living Together,5Th To 9Th Grade,Primary Education (4Th Grade),Other,Services,Course,Mother,Less Than 15 Min,2 To 5 Hours,0,No,Yes,No,Yes,Yes,Yes,Yes,No,5,3,3,1,1,1,0,14,13,14
Mousinho Da Silveira,Female,16,Urban,Greater Than 3,Living Together,5Th To 9Th Grade,5Th To 9Th Grade,Services,Other,Course,Mother,Less Than 15 Min,Less Than 2 Hours,0,No,Yes,Yes,Yes,Yes,Yes,No,Yes,4,2,5,1,2,5,0,17,16,16
Mousinho Da Silveira,Male,17,Urban,Greater Than 3,Living Together,Primary Education (4Th Grade),5Th To 9Th Grade,Other,Other,Course,Father,Less Than 15 Min,Less Than 2 Hours,1,No,Yes,No,Yes,Yes,No,Yes,Yes,5,3,5,5,5,1,12,6,7,7
Mousinho Da Silveira,Male,16,Urban,Less Or Equal To 3,Living Together,Higher Education,Secondary Education,Other,Other,Course,Father,Less Than 15 Min,Less Than 2 Hours,0,No,No,No,Yes,Yes,Yes,Yes,No,4,2,5,1,5,5,8,14,12,13
Mousinho Da Silveira,Male,17,Rural,Less Or Equal To 3,Living Together,5Th To 9Th Grade,5Th To 9Th Grade,Services,Services,Other,Mother,30 Min To 1 Hour,Greater Than 10 Hours,1,No,Yes,No,No,Yes,Yes,No,No,1,3,5,3,5,3,2,10,8,9
Mousinho Da Silveira,Female,16,Urban,Greater Than 3,Living Together,Primary Education (4Th Grade),Primary Education (4Th Grade),Other,Other,Course,Other,Less Than 15 Min,Greater Than 10 Hours,0,Yes,Yes,No,Yes,Yes,Yes,Yes,No,2,2,1,1,1,5,0,14,14,14
Mousinho Da Silveira,Female,19,Urban,Less Or Equal To 3,Living Together,5Th To 9Th Grade,5Th To 9Th Grade,Other,Other,Home,Mother,Less Than 15 Min,5 To 10 Hours,0,No,No,No,No,Yes,Yes,Yes,Yes,5,4,5,1,1,1,0,12,13,13
Mousinho Da Silveira,Female,17,Rural,Greater Than 3,Living Together,Primary Education (4Th Grade),Primary Education (4Th Grade),At Home,Other,Reputation,Mother,15 To 30 Min,Less Than 2 Hours,0,No,Yes,No,Yes,No,Yes,Yes,Yes,4,4,5,1,2,5,0,11,11,11
Mousinho Da Silveira,Female,20,Urban,Greater Than 3,Living Together,Secondary Education,Secondary Education,At Home,Services,Other,Mother,15 To 30 Min,2 To 5 Hours,1,No,No,No,Yes,Yes,Yes,Yes,Yes,3,3,4,2,4,3,8,11,9,10
Mousinho Da Silveira,Female,17,Urban,Less Or Equal To 3,Living Together,Primary Education (4Th Grade),Primary Education (4Th Grade),Other,Services,Course,Father,Less Than 15 Min,5 To 10 Hours,0,No,Yes,No,No,Yes,Yes,No,Yes,4,3,3,1,1,3,0,11,11,10
Mousinho Da Silveira,Male,17,Rural,Greater Than 3,Living Together,5Th To 9Th Grade,5Th To 9Th Grade,Other,Other,Course,Mother,30 Min To 1 Hour,Less Than 2 Hours,1,No,Yes,No,No,No,Yes,Yes,No,4,4,5,1,2,5,0,10,9,9
Mousinho Da Silveira,Female,16,Rural,Less Or Equal To 3,Living Together,Primary Education (4Th Grade),Primary Education (4Th Grade),At Home,Other,Course,Father,30 Min To 1 Hour,2 To 5 Hours,0,No,Yes,No,No,Yes,Yes,No,No,5,3,2,1,1,1,0,16,17,18
Mousinho Da Silveira,Female,17,Rural,Greater Than 3,Living Together,5Th To 9Th Grade,5Th To 9Th Grade,Other,Other,Reputation,Mother,15 To 30 Min,2 To 5 Hours,0,No,Yes,No,Yes,Yes,Yes,No,No,5,3,2,1,1,1,0,15,17,17
Mousinho Da Silveira,Female,17,Urban,Greater Than 3,Apart,Primary Education (4Th Grade),None,Other,Other,Other,Mother,15 To 30 Min,2 To 5 Hours,0,No,No,No,No,Yes,Yes,Yes,Yes,4,4,5,1,1,4,1,11,9,10
Mousinho Da Silveira,Female,18,Rural,Greater Than 3,Living Together,Primary Education (4Th Grade),Primary Education (4Th Grade),At Home,Other,Other,Mother,Less Than 15 Min,2 To 5 Hours,1,No,Yes,No,No,Yes,Yes,Yes,Yes,4,3,2,1,1,5,9,7,7,7
Mousinho Da Silveira,Female,16,Urban,Greater Than 3,Living Together,Secondary Education,Primary Education (4Th Grade),Other,Other,Course,Mother,Less Than 15 Min,Less Than 2 Hours,0,No,No,No,Yes,Yes,Yes,Yes,No,3,1,3,1,3,1,0,8,6,8
Mousinho Da Silveira,Female,16,Urban,Greater Than 3,Living Together,Secondary Education,5Th To 9Th Grade,Services,At Home,Course,Mother,Less Than 15 Min,Less Than 2 Hours,0,No,No,No,No,Yes,Yes,Yes,No,3,1,3,1,4,3,2,7,6,7
Mousinho Da Silveira,Female,18,Urban,Less Or Equal To 3,Living Together,Primary Education (4Th Grade),Primary Education (4Th Grade),Other,At Home,Reputation,Mother,15 To 30 Min,2 To 5 Hours,0,Yes,No,No,No,Yes,Yes,No,No,2,3,5,1,4,3,8,9,8,10
Mousinho Da Silveira,Female,16,Rural,Greater Than 3,Living Together,Higher Education,Higher Education,Health,Teacher,Reputation,Father,Less Than 15 Min,2 To 5 Hours,0,No,No,No,Yes,No,Yes,Yes,Yes,4,3,3,2,3,2,0,14,16,16
Mousinho Da Silveira,Female,16,Rural,Less Or Equal To 3,Living Together,Primary Education (4Th Grade),5Th To 9Th Grade,Other,Other,Reputation,Mother,15 To 30 Min,Less Than 2 Hours,0,No,No,No,Yes,Yes,Yes,Yes,No,5,4,5,1,4,2,0,14,14,15
Mousinho Da Silveira,Female,18,Urban,Greater Than 3,Apart,5Th To 9Th Grade,Higher Education,Other,Services,Reputation,Father,Less Than 15 Min,2 To 5 Hours,1,No,Yes,No,No,Yes,Yes,Yes,No,2,3,2,1,3,1,8,8,5,8
Mousinho Da Silveira,Male,16,Rural,Greater Than 3,Living Together,5Th To 9Th Grade,Primary Education (4Th Grade),Other,Services,Reputation,Mother,15 To 30 Min,2 To 5 Hours,0,No,No,No,Yes,Yes,Yes,Yes,No,5,2,1,1,1,2,0,8,7,0
Mousinho Da Silveira,Female,16,Urban,Less Or Equal To 3,Living Together,Primary Education (4Th Grade),Primary Education (4Th Grade),At Home,Other,Other,Mother,30 Min To 1 Hour,2 To 5 Hours,0,No,Yes,No,No,Yes,Yes,Yes,No,4,3,2,1,3,5,6,6,8,8
Mousinho Da Silveira,Female,16,Rural,Greater Than 3,Living Together,5Th To 9Th Grade,Secondary Education,At Home,Services,Other,Mother,15 To 30 Min,2 To 5 Hours,0,No,Yes,No,Yes,Yes,Yes,Yes,No,3,3,3,1,1,2,0,8,10,10
Mousinho Da Silveira,Female,16,Urban,Greater Than 3,Living Together,Higher Education,Higher Education,Health,Health,Course,Mother,Less Than 15 Min,2 To 5 Hours,0,No,Yes,No,No,Yes,Yes,Yes,Yes,4,3,4,1,2,3,4,8,8,8
Mousinho Da Silveira,Male,18,Urban,Less Or Equal To 3,Living Together,Higher Education,Higher Education,At Home,Health,Home,Mother,Less Than 15 Min,Greater Than 10 Hours,0,No,Yes,No,Yes,Yes,No,Yes,Yes,5,5,5,5,5,5,2,5,6,6
Mousinho Da Silveira,Female,16,Rural,Less Or Equal To 3,Living Together,Secondary Education,Higher Education,At Home,Other,Other,Mother,30 Min To 1 Hour,2 To 5 Hours,0,No,Yes,No,No,No,Yes,No,No,4,2,1,1,1,2,2,7,9,8
Mousinho Da Silveira,Male,17,Urban,Less Or Equal To 3,Living Together,Higher Education,Higher Education,Other,Services,Home,Mother,Less Than 15 Min,5 To 10 Hours,0,No,Yes,No,No,Yes,Yes,Yes,No,4,4,3,1,2,5,0,15,14,16
Mousinho Da Silveira,Female,17,Rural,Greater Than 3,Living Together,Higher Education,Primary Education (4Th Grade),Other,Other,Other,Mother,Less Than 15 Min,Less Than 2 Hours,0,No,No,No,No,Yes,Yes,Yes,Yes,4,2,3,1,2,5,1,13,14,14
Mousinho Da Silveira,Male,16,Urban,Less Or Equal To 3,Living Together,5Th To 9Th Grade,5Th To 9Th Grade,Services,Services,Other,Mother,Greater Than 1 Hour,5 To 10 Hours,0,No,No,No,No,Yes,Yes,No,No,5,1,3,2,2,3,0,10,9,10
Mousinho Da Silveira,Female,17,Rural,Greater Than 3,Living Together,5Th To 9Th Grade,5Th To 9Th Grade,At Home,Other,Other,Mother,Less Than 15 Min,Less Than 2 Hours,0,No,Yes,Yes,No,Yes,Yes,Yes,No,5,1,3,1,2,5,5,9,9,9
Mousinho Da Silveira,Female,16,Urban,Less Or Equal To 3,Living Together,Higher Education,Higher Education,Services,Services,Other,Father,15 To 30 Min,Less Than 2 Hours,0,No,Yes,No,No,Yes,Yes,No,No,5,1,3,1,2,5,1,11,11,11
Mousinho Da Silveira,Male,17,Urban,Greater Than 3,Living Together,Secondary Education,Secondary Education,Services,Services,Home,Mother,Less Than 15 Min,Less Than 2 Hours,0,No,Yes,No,Yes,Yes,Yes,Yes,No,4,1,4,5,5,3,8,7,10,9
Mousinho Da Silveira,Male,17,Urban,Greater Than 3,Living Together,Primary Education (4Th Grade),Primary Education (4Th Grade),At Home,Services,Other,Mother,30 Min To 1 Hour,2 To 5 Hours,0,No,No,No,No,Yes,Yes,Yes,Yes,5,1,3,3,3,1,0,10,10,10
Mousinho Da Silveira,Male,16,Urban,Greater Than 3,Living Together,5Th To 9Th Grade,Primary Education (4Th Grade),Health,Services,Other,Mother,15 To 30 Min,2 To 5 Hours,0,No,No,No,No,No,Yes,Yes,Yes,4,2,2,1,4,5,2,9,7,8
Mousinho Da Silveira,Female,16,Urban,Less Or Equal To 3,Living Together,5Th To 9Th Grade,Primary Education (4Th Grade),Other,Services,Other,Mother,Less Than 15 Min,2 To 5 Hours,0,No,No,No,No,Yes,Yes,Yes,Yes,3,2,2,1,1,3,0,14,15,16
Mousinho Da Silveira,Male,16,Urban,Less Or Equal To 3,Living Together,Higher Education,Higher Education,Teacher,Health,Other,Father,Less Than 15 Min,Less Than 2 Hours,0,No,Yes,No,No,Yes,Yes,Yes,No,4,1,2,2,5,5,0,11,12,12
Mousinho Da Silveira,Male,15,Rural,Greater Than 3,Living Together,Primary Education (4Th Grade),5Th To 9Th Grade,Other,Services,Course,Mother,30 Min To 1 Hour,2 To 5 Hours,0,No,Yes,No,Yes,Yes,Yes,No,No,5,5,5,1,3,5,11,9,11,10
Mousinho Da Silveira,Male,15,Urban,Less Or Equal To 3,Apart,5Th To 9Th Grade,5Th To 9Th Grade,Other,Other,Reputation,Mother,30 Min To 1 Hour,Greater Than 10 Hours,0,No,Yes,No,Yes,Yes,Yes,No,No,5,4,5,2,3,5,8,13,14,14
Mousinho Da Silveira,Male,15,Urban,Less Or Equal To 3,Apart,5Th To 9Th Grade,Primary Education (4Th Grade),Services,Services,Course,Mother,Less Than 15 Min,Less Than 2 Hours,0,No,No,No,Yes,Yes,Yes,Yes,No,4,3,3,1,2,5,11,12,13,12
Mousinho Da Silveira,Female,16,Rural,Less Or Equal To 3,Living Together,5Th To 9Th Grade,5Th To 9Th Grade,Other,Other,Course,Mother,Less Than 15 Min,5 To 10 Hours,0,No,Yes,No,No,No,Yes,No,Yes,4,3,3,2,2,5,2,11,11,11
Mousinho Da Silveira,Female,16,Urban,Less Or Equal To 3,Living Together,Higher Education,Primary Education (4Th Grade),Other,Other,Home,Mother,15 To 30 Min,2 To 5 Hours,0,No,Yes,No,Yes,Yes,Yes,Yes,No,1,2,4,2,2,1,8,9,10,10
Mousinho Da Silveira,Female,17,Urban,Greater Than 3,Living Together,Secondary Education,5Th To 9Th Grade,At Home,Other,Home,Mother,15 To 30 Min,Less Than 2 Hours,0,No,No,No,No,Yes,Yes,No,Yes,4,3,3,2,2,1,5,9,11,11
Mousinho Da Silveira,Female,17,Rural,Greater Than 3,Living Together,5Th To 9Th Grade,5Th To 9Th Grade,Other,Other,Other,Mother,15 To 30 Min,2 To 5 Hours,0,Yes,No,Yes,No,Yes,Yes,No,No,5,1,3,1,1,5,0,11,9,11
Mousinho Da Silveira,Female,16,Urban,Greater Than 3,Living Together,Higher Education,Higher Education,Teacher,Services,Course,Mother,15 To 30 Min,5 To 10 Hours,0,No,Yes,No,No,Yes,Yes,Yes,Yes,5,3,5,1,4,5,1,10,11,12
Mousinho Da Silveira,Male,17,Rural,Greater Than 3,Living Together,Higher Education,Higher Education,Health,Other,Course,Father,30 Min To 1 Hour,Less Than 2 Hours,3,No,No,No,Yes,Yes,Yes,Yes,Yes,3,3,3,1,3,5,2,9,9,8
Mousinho Da Silveira,Male,17,Rural,Less Or Equal To 3,Living Together,Primary Education (4Th Grade),Secondary Education,Other,Other,Course,Father,15 To 30 Min,Less Than 2 Hours,0,No,No,No,Yes,Yes,Yes,No,Yes,5,1,2,3,3,5,2,12,11,12
Mousinho Da Silveira,Male,17,Urban,Greater Than 3,Living Together,Secondary Education,Higher Education,Services,Other,Other,Mother,Less Than 15 Min,2 To 5 Hours,1,No,Yes,No,Yes,No,Yes,Yes,Yes,5,4,4,3,4,5,8,8,9,8
Mousinho Da Silveira,Female,17,Urban,Greater Than 3,Living Together,Higher Education,Higher Education,Health,Health,Course,Father,Less Than 15 Min,2 To 5 Hours,0,No,Yes,No,No,Yes,Yes,Yes,No,5,2,5,1,1,5,0,13,15,16
Mousinho Da Silveira,Male,16,Rural,Less Or Equal To 3,Living Together,Higher Education,Primary Education (4Th Grade),Other,At Home,Other,Father,Less Than 15 Min,Less Than 2 Hours,0,No,No,No,No,Yes,Yes,Yes,No,4,1,2,2,1,2,0,10,11,11
Mousinho Da Silveira,Female,17,Urban,Greater Than 3,Apart,Primary Education (4Th Grade),Primary Education (4Th Grade),At Home,At Home,Other,Mother,Less Than 15 Min,2 To 5 Hours,0,No,No,No,Yes,Yes,Yes,Yes,Yes,4,5,5,1,2,3,2,11,10,11
Mousinho Da Silveira,Female,17,Rural,Greater Than 3,Living Together,Higher Education,5Th To 9Th Grade,Other,Other,Course,Mother,15 To 30 Min,2 To 5 Hours,0,Yes,Yes,No,No,No,Yes,Yes,No,4,3,3,2,3,5,0,17,18,18
Mousinho Da Silveira,Male,16,Urban,Less Or Equal To 3,Apart,5Th To 9Th Grade,5Th To 9Th Grade,Other,Services,Course,Father,15 To 30 Min,2 To 5 Hours,0,No,Yes,No,No,No,Yes,Yes,Yes,4,1,2,2,2,5,0,12,13,13
Mousinho Da Silveira,Male,17,Urban,Greater Than 3,Living Together,Secondary Education,5Th To 9Th Grade,Other,Other,Other,Father,15 To 30 Min,2 To 5 Hours,0,No,Yes,Yes,No,Yes,Yes,Yes,No,4,1,2,2,2,1,0,13,14,13
Mousinho Da Silveira,Male,19,Urban,Greater Than 3,Living Together,Primary Education (4Th Grade),Primary Education (4Th Grade),Other,Other,Other,Mother,Less Than 15 Min,2 To 5 Hours,2,No,Yes,No,Yes,Yes,No,Yes,No,4,4,3,3,4,4,2,9,9,10
Mousinho Da Silveira,Male,17,Urban,Less Or Equal To 3,Apart,Primary Education (4Th Grade),None,Other,Other,Home,Mother,Less Than 15 Min,Less Than 2 Hours,0,No,No,No,No,Yes,Yes,No,Yes,4,1,2,1,1,5,4,11,11,12
Mousinho Da Silveira,Female,17,Rural,Greater Than 3,Living Together,Primary Education (4Th Grade),Primary Education (4Th Grade),At Home,At Home,Course,Father,15 To 30 Min,Less Than 2 Hours,0,No,Yes,No,Yes,Yes,No,Yes,Yes,3,5,5,2,2,4,3,10,11,10
Mousinho Da Silveira,Female,16,Rural,Greater Than 3,Living Together,Primary Education (4Th Grade),5Th To 9Th Grade,Other,Other,Home,Father,Less Than 15 Min,5 To 10 Hours,0,Yes,Yes,No,No,No,Yes,Yes,Yes,4,3,4,1,1,3,5,13,14,13
Mousinho Da Silveira,Male,16,Rural,Less Or Equal To 3,Living Together,Primary Education (4Th Grade),5Th To 9Th Grade,Other,At Home,Course,Mother,Less Than 15 Min,Less Than 2 Hours,0,No,No,No,No,Yes,Yes,No,No,4,4,4,2,4,5,4,9,10,11
Mousinho Da Silveira,Female,17,Rural,Greater Than 3,Living Together,Secondary Education,Primary Education (4Th Grade),Other,Other,Course,Mother,15 To 30 Min,2 To 5 Hours,3,No,Yes,No,Yes,No,Yes,Yes,Yes,5,4,4,1,1,5,2,7,9,10
Mousinho Da Silveira,Male,17,Rural,Greater Than 3,Living Together,5Th To 9Th Grade,5Th To 9Th Grade,Other,Other,Course,Mother,15 To 30 Min,Less Than 2 Hours,0,No,No,No,Yes,Yes,No,No,Yes,5,5,5,3,5,5,0,8,13,10
Mousinho Da Silveira,Male,18,Rural,Greater Than 3,Living Together,Primary Education (4Th Grade),None,At Home,At Home,Course,Other,30 Min To 1 Hour,Less Than 2 Hours,1,Yes,Yes,No,No,Yes,Yes,No,No,4,3,2,1,1,4,0,12,12,13
Mousinho Da Silveira,Male,17,Rural,Greater Than 3,Living Together,Primary Education (4Th Grade),Primary Education (4Th Grade),Other,Services,Course,Mother,15 To 30 Min,Less Than 2 Hours,0,No,Yes,No,Yes,No,Yes,Yes,Yes,4,5,5,1,3,2,0,10,9,10
Mousinho Da Silveira,Male,18,Urban,Less Or Equal To 3,Living Together,Primary Education (4Th Grade),Primary Education (4Th Grade),At Home,At Home,Course,Mother,15 To 30 Min,2 To 5 Hours,0,No,Yes,No,Yes,Yes,Yes,No,No,4,3,3,1,4,5,6,10,9,10
Mousinho Da Silveira,Female,16,Rural,Less Or Equal To 3,Living Together,5Th To 9Th Grade,5Th To 9Th Grade,Other,Services,Course,Father,Less Than 15 Min,2 To 5 Hours,0,No,No,No,Yes,Yes,Yes,No,Yes,5,4,3,1,1,1,0,11,13,12
Mousinho Da Silveira,Male,17,Urban,Greater Than 3,Living Together,5Th To 9Th Grade,5Th To 9Th Grade,Other,Other,Course,Mother,Less Than 15 Min,Less Than 2 Hours,1,No,No,No,Yes,Yes,Yes,No,Yes,1,2,1,2,3,5,0,7,0,0
Mousinho Da Silveira,Male,16,Rural,Greater Than 3,Living Together,Secondary Education,5Th To 9Th Grade,Services,Other,Course,Father,15 To 30 Min,Less Than 2 Hours,0,No,No,No,No,Yes,Yes,Yes,No,4,5,5,2,3,5,2,11,9,10
Mousinho Da Silveira,Male,16,Rural,Less Or Equal To 3,Living Together,Primary Education (4Th Grade),Primary Education (4Th Grade),At Home,Other,Course,Mother,15 To 30 Min,Less Than 2 Hours,0,No,No,No,Yes,Yes,Yes,Yes,No,4,5,5,2,4,5,0,10,10,9
Mousinho Da Silveira,Male,18,Rural,Greater Than 3,Living Together,Primary Education (4Th Grade),Primary Education (4Th Grade),Services,Other,Course,Other,15 To 30 Min,Less Than 2 Hours,1,No,Yes,No,No,Yes,No,Yes,Yes,5,3,3,2,3,5,2,9,7,9
Mousinho Da Silveira,Male,18,Rural,Greater Than 3,Living Together,Secondary Education,5Th To 9Th Grade,Services,Other,Course,Mother,Less Than 15 Min,Less Than 2 Hours,1,No,No,No,No,Yes,No,Yes,No,2,3,1,2,2,5,0,4,0,0
Mousinho Da Silveira,Male,19,Urban,Greater Than 3,Living Together,Secondary Education,5Th To 9Th Grade,At Home,Services,Course,Mother,15 To 30 Min,Less Than 2 Hours,3,No,No,No,Yes,Yes,Yes,No,No,3,2,1,1,1,3,4,6,11,9
Mousinho Da Silveira,Male,18,Urban,Greater Than 3,Living Together,Secondary Education,Secondary Education,At Home,At Home,Course,Mother,Less Than 15 Min,2 To 5 Hours,2,No,Yes,No,Yes,Yes,No,Yes,No,4,4,5,1,3,3,9,4,8,8
Mousinho Da Silveira,Male,16,Rural,Greater Than 3,Living Together,5Th To 9Th Grade,5Th To 9Th Grade,Services,Services,Course,Mother,15 To 30 Min,Less Than 2 Hours,0,No,Yes,No,Yes,Yes,Yes,Yes,Yes,5,4,3,2,4,4,6,7,8,8
Mousinho Da Silveira,Male,19,Urban,Greater Than 3,Living Together,5Th To 9Th Grade,Primary Education (4Th Grade),At Home,Other,Course,Other,15 To 30 Min,Less Than 2 Hours,3,No,No,No,Yes,No,No,Yes,Yes,4,4,3,1,3,5,4,8,9,9
Mousinho Da Silveira,Female,16,Urban,Greater Than 3,Apart,Secondary Education,5Th To 9Th Grade,Services,At Home,Course,Mother,15 To 30 Min,2 To 5 Hours,2,No,Yes,No,Yes,Yes,Yes,No,Yes,2,5,5,1,1,1,8,5,5,7
Mousinho Da Silveira,Female,17,Urban,Greater Than 3,Living Together,Primary Education (4Th Grade),Primary Education (4Th Grade),Other,At Home,Course,Mother,Less Than 15 Min,Less Than 2 Hours,0,No,Yes,No,Yes,Yes,Yes,No,No,4,3,2,1,2,5,9,7,9,10
Mousinho Da Silveira,Male,20,Rural,Greater Than 3,Living Together,Primary Education (4Th Grade),Primary Education (4Th Grade),Other,Other,Course,Other,15 To 30 Min,Less Than 2 Hours,1,No,Yes,No,No,Yes,No,Yes,Yes,4,4,3,2,4,4,12,8,11,10
Mousinho Da Silveira,Female,18,Rural,Greater Than 3,Apart,Higher Education,Secondary Education,Services,Services,Course,Mother,Less Than 15 Min,Less Than 2 Hours,0,No,Yes,No,No,Yes,Yes,Yes,No,5,4,4,3,4,2,8,10,11,10
Mousinho Da Silveira,Male,18,Rural,Greater Than 3,Living Together,Secondary Education,5Th To 9Th Grade,Other,Other,Course,Mother,15 To 30 Min,Less Than 2 Hours,0,No,Yes,No,No,No,Yes,Yes,No,2,5,5,5,5,5,8,9,10,11
Mousinho Da Silveira,Male,19,Rural,Greater Than 3,Living Together,Primary Education (4Th Grade),Primary Education (4Th Grade),Other,Services,Home,Other,30 Min To 1 Hour,2 To 5 Hours,1,No,No,No,No,Yes,Yes,Yes,No,5,4,4,3,3,2,8,10,9,11
Mousinho Da Silveira,Male,17,Urban,Greater Than 3,Living Together,Secondary Education,Secondary Education,Health,Other,Course,Mother,15 To 30 Min,2 To 5 Hours,1,No,Yes,No,No,Yes,Yes,Yes,No,4,5,4,2,3,3,4,8,9,10
Mousinho Da Silveira,Male,18,Urban,Less Or Equal To 3,Living Together,Primary Education (4Th Grade),Secondary Education,At Home,Services,Course,Mother,Less Than 15 Min,Less Than 2 Hours,0,No,No,No,No,Yes,No,Yes,Yes,4,3,3,2,3,3,0,9,10,9
Mousinho Da Silveira,Male,19,Rural,Greater Than 3,Living Together,Primary Education (4Th Grade),Primary Education (4Th Grade),Other,Other,Home,Other,30 Min To 1 Hour,Less Than 2 Hours,1,No,Yes,No,No,Yes,Yes,Yes,No,4,4,4,3,3,5,4,8,9,10
Mousinho Da Silveira,Female,18,Urban,Greater Than 3,Apart,Primary Education (4Th Grade),5Th To 9Th Grade,At Home,Other,Course,Mother,15 To 30 Min,2 To 5 Hours,2,No,Yes,No,No,Yes,Yes,No,No,4,3,3,1,1,5,2,6,8,8
Mousinho Da Silveira,Female,19,Urban,Less Or Equal To 3,Apart,Primary Education (4Th Grade),Primary Education (4Th Grade),At Home,Other,Course,Mother,Less Than 15 Min,Less Than 2 Hours,0,No,Yes,No,No,Yes,No,No,No,1,4,4,1,1,5,0,6,8,7
Mousinho Da Silveira,Female,18,Rural,Greater Than 3,Living Together,5Th To 9Th Grade,5Th To 9Th Grade,Other,Other,Other,Mother,15 To 30 Min,Less Than 2 Hours,1,No,No,No,No,Yes,No,Yes,Yes,5,5,5,1,1,3,0,8,6,0
Mousinho Da Silveira,Female,17,Rural,Greater Than 3,Living Together,None,None,At Home,Other,Course,Mother,15 To 30 Min,Less Than 2 Hours,0,No,Yes,No,No,Yes,Yes,Yes,No,4,4,3,1,1,5,0,10,11,11
Mousinho Da Silveira,Female,17,Rural,Less Or Equal To 3,Apart,Secondary Education,Primary Education (4Th Grade),Other,At Home,Course,Other,15 To 30 Min,5 To 10 Hours,0,No,Yes,Yes,No,Yes,No,No,No,4,2,3,2,2,3,5,8,7,8
Mousinho Da Silveira,Female,17,Urban,Greater Than 3,Living Together,Higher Education,5Th To 9Th Grade,Teacher,Services,Home,Mother,Less Than 15 Min,2 To 5 Hours,0,Yes,Yes,No,Yes,Yes,Yes,Yes,No,5,5,5,1,3,5,0,8,8,0
Mousinho Da Silveira,Female,18,Rural,Less Or Equal To 3,Living Together,5Th To 9Th Grade,5Th To 9Th Grade,Services,Services,Course,Mother,Less Than 15 Min,2 To 5 Hours,1,No,Yes,No,Yes,Yes,Yes,Yes,No,2,3,3,1,2,4,3,7,6,8
Mousinho Da Silveira,Female,17,Urban,Greater Than 3,Living Together,Higher Education,Primary Education (4Th Grade),Health,At Home,Course,Mother,Less Than 15 Min,Less Than 2 Hours,0,No,Yes,No,No,Yes,Yes,No,Yes,3,2,2,1,1,5,0,8,10,9
Mousinho Da Silveira,Female,17,Urban,Less Or Equal To 3,Living Together,Primary Education (4Th Grade),5Th To 9Th Grade,At Home,Other,Course,Father,Less Than 15 Min,Less Than 2 Hours,0,No,No,No,No,Yes,Yes,Yes,No,5,5,1,1,1,3,0,7,10,10
Mousinho Da Silveira,Female,18,Urban,Greater Than 3,Living Together,Primary Education (4Th Grade),Primary Education (4Th Grade),Other,Other,Course,Mother,30 Min To 1 Hour,2 To 5 Hours,2,No,No,No,Yes,Yes,Yes,No,Yes,3,4,4,2,2,5,3,7,8,7
Mousinho Da Silveira,Female,18,Urban,Greater Than 3,Living Together,5Th To 9Th Grade,5Th To 9Th Grade,Services,At Home,Reputation,Father,15 To 30 Min,2 To 5 Hours,0,No,No,No,Yes,No,Yes,Yes,No,4,3,5,1,1,1,2,12,13,14
Mousinho Da Silveira,Female,17,Urban,Greater Than 3,Living Together,Secondary Education,Secondary Education,Services,Services,Course,Mother,15 To 30 Min,Less Than 2 Hours,0,No,Yes,No,No,Yes,Yes,Yes,No,4,4,3,1,1,4,0,11,12,13
Mousinho Da Silveira,Female,18,Urban,Less Or Equal To 3,Apart,Primary Education (4Th Grade),5Th To 9Th Grade,At Home,Other,Reputation,Mother,15 To 30 Min,2 To 5 Hours,0,No,No,No,No,Yes,Yes,Yes,No,4,4,3,1,2,4,0,12,13,14
Mousinho Da Silveira,Female,18,Urban,Greater Than 3,Living Together,Higher Education,Higher Education,Teacher,Teacher,Reputation,Mother,15 To 30 Min,2 To 5 Hours,0,No,No,No,Yes,No,Yes,Yes,No,4,3,5,1,2,1,0,18,18,18
Mousinho Da Silveira,Male,18,Urban,Less Or Equal To 3,Living Together,Higher Education,Higher Education,Services,Other,Reputation,Mother,Less Than 15 Min,Less Than 2 Hours,0,No,Yes,No,Yes,Yes,Yes,Yes,No,5,4,5,1,1,5,3,17,17,17
Mousinho Da Silveira,Female,17,Urban,Greater Than 3,Living Together,Higher Education,5Th To 9Th Grade,Other,Other,Course,Mother,15 To 30 Min,2 To 5 Hours,0,No,Yes,No,No,Yes,Yes,Yes,No,4,3,3,1,2,4,0,17,18,18
Mousinho Da Silveira,Female,18,Rural,Greater Than 3,Living Together,5Th To 9Th Grade,5Th To 9Th Grade,At Home,Other,Course,Mother,30 Min To 1 Hour,2 To 5 Hours,1,No,No,No,Yes,Yes,Yes,No,Yes,4,3,3,1,1,4,0,9,0,0
Mousinho Da Silveira,Male,18,Urban,Less Or Equal To 3,Living Together,Primary Education (4Th Grade),5Th To 9Th Grade,At Home,Services,Home,Mother,15 To 30 Min,Less Than 2 Hours,0,No,Yes,No,No,No,Yes,No,No,4,1,4,5,5,1,8,10,11,11
Mousinho Da Silveira,Male,18,Rural,Greater Than 3,Living Together,Higher Education,Higher Education,At Home,Services,Other,Mother,30 Min To 1 Hour,Less Than 2 Hours,0,No,Yes,Yes,Yes,Yes,Yes,Yes,Yes,2,5,5,1,1,1,5,12,13,14
Mousinho Da Silveira,Male,17,Rural,Greater Than 3,Living Together,Primary Education (4Th Grade),Primary Education (4Th Grade),Other,Services,Other,Father,30 Min To 1 Hour,Less Than 2 Hours,0,No,No,No,No,No,No,No,No,4,2,3,3,4,4,4,12,13,14
Mousinho Da Silveira,Female,18,Urban,Greater Than 3,Living Together,5Th To 9Th Grade,5Th To 9Th Grade,Other,Other,Course,Mother,15 To 30 Min,2 To 5 Hours,0,No,Yes,No,No,No,Yes,Yes,Yes,1,3,1,1,1,2,4,8,8,10
Mousinho Da Silveira,Female,18,Urban,Less Or Equal To 3,Living Together,5Th To 9Th Grade,5Th To 9Th Grade,Services,Services,Course,Father,15 To 30 Min,5 To 10 Hours,0,No,No,No,No,Yes,Yes,Yes,Yes,5,4,5,1,4,3,0,11,12,13
Mousinho Da Silveira,Female,18,Rural,Less Or Equal To 3,Apart,Higher Education,5Th To 9Th Grade,Teacher,Other,Reputation,Mother,Less Than 15 Min,2 To 5 Hours,0,No,No,No,Yes,Yes,Yes,Yes,Yes,5,3,1,1,1,5,0,5,0,0
Mousinho Da Silveira,Female,18,Urban,Greater Than 3,Living Together,Primary Education (4Th Grade),Primary Education (4Th Grade),At Home,Services,Course,Mother,30 Min To 1 Hour,2 To 5 Hours,1,No,No,No,No,Yes,No,No,No,4,4,2,1,2,2,2,9,10,10
Mousinho Da Silveira,Female,19,Urban,Greater Than 3,Living Together,Primary Education (4Th Grade),Primary Education (4Th Grade),At Home,Services,Other,Father,15 To 30 Min,Less Than 2 Hours,1,No,No,No,No,Yes,No,No,No,5,5,5,2,3,2,0,5,0,0
Mousinho Da Silveira,Female,17,Urban,Greater Than 3,Living Together,Higher Education,5Th To 9Th Grade,Teacher,Other,Course,Father,15 To 30 Min,Greater Than 10 Hours,0,No,No,No,No,Yes,Yes,Yes,Yes,4,2,3,3,1,5,0,18,18,18
Mousinho Da Silveira,Female,17,Rural,Less Or Equal To 3,Apart,5Th To 9Th Grade,Primary Education (4Th Grade),Services,Other,Reputation,Mother,15 To 30 Min,2 To 5 Hours,0,No,No,No,Yes,Yes,Yes,Yes,Yes,5,3,3,1,2,2,5,11,11,12
Mousinho Da Silveira,Female,18,Urban,Less Or Equal To 3,Apart,Primary Education (4Th Grade),Primary Education (4Th Grade),At Home,Services,Course,Mother,Less Than 15 Min,2 To 5 Hours,0,No,No,No,No,Yes,Yes,No,Yes,5,2,3,1,2,3,2,8,10,11
Mousinho Da Silveira,Female,18,Urban,Greater Than 3,Living Together,Primary Education (4Th Grade),5Th To 9Th Grade,At Home,At Home,Course,Father,15 To 30 Min,2 To 5 Hours,0,No,Yes,No,No,Yes,No,No,No,4,1,1,1,1,4,0,11,11,12
Mousinho Da Silveira,Female,19,Rural,Greater Than 3,Apart,Primary Education (4Th Grade),Primary Education (4Th Grade),At Home,At Home,Course,Other,15 To 30 Min,2 To 5 Hours,3,No,Yes,No,Yes,Yes,No,No,Yes,3,5,4,1,4,1,0,8,0,0
Mousinho Da Silveira,Female,18,Rural,Greater Than 3,Living Together,5Th To 9Th Grade,5Th To 9Th Grade,Services,Other,Home,Mother,15 To 30 Min,5 To 10 Hours,0,No,No,No,No,Yes,Yes,Yes,Yes,4,2,1,1,1,4,5,14,14,15
Mousinho Da Silveira,Male,17,Rural,Greater Than 3,Living Together,Higher Education,Secondary Education,Services,Other,Home,Mother,15 To 30 Min,2 To 5 Hours,1,No,Yes,Yes,Yes,No,Yes,Yes,Yes,4,5,5,1,3,2,4,10,11,11
Mousinho Da Silveira,Female,18,Urban,Greater Than 3,Living Together,Secondary Education,Secondary Education,Services,Services,Course,Father,Less Than 15 Min,2 To 5 Hours,0,No,Yes,No,No,Yes,Yes,No,Yes,5,3,4,1,1,5,0,10,10,10
Mousinho Da Silveira,Female,17,Rural,Greater Than 3,Living Together,Higher Education,Higher Education,Teacher,Services,Other,Father,15 To 30 Min,2 To 5 Hours,0,No,Yes,Yes,Yes,Yes,Yes,Yes,No,4,3,3,1,2,5,2,12,12,12
Mousinho Da Silveira,Female,17,Urban,Less Or Equal To 3,Apart,Secondary Education,5Th To 9Th Grade,Services,Other,Reputation,Mother,15 To 30 Min,2 To 5 Hours,0,No,No,No,No,Yes,Yes,No,Yes,1,2,3,1,2,5,0,15,14,15
Mousinho Da Silveira,Male,18,Urban,Less Or Equal To 3,Living Together,Primary Education (4Th Grade),Primary Education (4Th Grade),Other,Services,Home,Father,15 To 30 Min,Less Than 2 Hours,0,No,No,No,No,No,Yes,Yes,Yes,3,3,2,1,2,3,2,14,13,14
Mousinho Da Silveira,Female,18,Urban,Less Or Equal To 3,Living Together,Primary Education (4Th Grade),Primary Education (4Th Grade),At Home,Services,Course,Father,15 To 30 Min,5 To 10 Hours,0,No,No,No,No,Yes,Yes,Yes,No,5,3,2,1,1,4,0,19,17,18
Mousinho Da Silveira,Female,18,Rural,Less Or Equal To 3,Apart,Primary Education (4Th Grade),5Th To 9Th Grade,At Home,Other,Course,Mother,30 Min To 1 Hour,2 To 5 Hours,0,No,No,No,No,Yes,Yes,No,Yes,4,3,4,1,4,5,0,16,15,15
Mousinho Da Silveira,Female,18,Urban,Greater Than 3,Living Together,Secondary Education,Secondary Education,Services,Services,Other,Mother,15 To 30 Min,2 To 5 Hours,0,No,Yes,No,No,Yes,Yes,Yes,Yes,4,3,2,1,3,3,6,13,12,13
Mousinho Da Silveira,Female,17,Urban,Less Or Equal To 3,Living Together,Higher Education,Higher Education,At Home,At Home,Course,Mother,Less Than 15 Min,2 To 5 Hours,0,No,Yes,No,Yes,Yes,Yes,Yes,Yes,2,3,4,1,1,1,4,15,14,15
Mousinho Da Silveira,Female,17,Rural,Greater Than 3,Living Together,Primary Education (4Th Grade),5Th To 9Th Grade,Other,Services,Course,Father,15 To 30 Min,2 To 5 Hours,0,No,No,No,No,No,Yes,No,No,3,2,2,1,2,3,0,13,13,13
Mousinho Da Silveira,Male,18,Rural,Greater Than 3,Living Together,Primary Education (4Th Grade),Secondary Education,At Home,Other,Course,Mother,15 To 30 Min,2 To 5 Hours,0,No,Yes,Yes,No,Yes,Yes,No,No,3,3,4,2,4,3,0,8,10,9
Mousinho Da Silveira,Male,18,Urban,Less Or Equal To 3,Living Together,Higher Education,Higher Education,Teacher,Services,Other,Mother,15 To 30 Min,5 To 10 Hours,0,No,No,No,No,Yes,Yes,Yes,Yes,4,2,2,2,2,5,0,15,16,16
Mousinho Da Silveira,Female,17,Rural,Greater Than 3,Living Together,Primary Education (4Th Grade),Primary Education (4Th Grade),Other,Services,Reputation,Mother,30 Min To 1 Hour,Less Than 2 Hours,1,No,Yes,No,No,Yes,Yes,Yes,Yes,5,2,1,1,2,1,0,8,8,9
Mousinho Da Silveira,Female,18,Urban,Greater Than 3,Living Together,5Th To 9Th Grade,Secondary Education,At Home,Services,Course,Father,15 To 30 Min,Less Than 2 Hours,0,No,Yes,No,No,Yes,Yes,Yes,Yes,5,2,3,1,2,4,0,10,10,10
Mousinho Da Silveira,Female,18,Rural,Greater Than 3,Living Together,Higher Education,Higher Education,Other,Teacher,Other,Father,30 Min To 1 Hour,2 To 5 Hours,0,No,Yes,No,No,No,Yes,Yes,Yes,3,2,2,4,2,5,0,7,5,0
Mousinho Da Silveira,Male,18,Rural,Less Or Equal To 3,Living Together,Primary Education (4Th Grade),5Th To 9Th Grade,At Home,Services,Other,Father,30 Min To 1 Hour,Less Than 2 Hours,0,No,Yes,No,Yes,Yes,No,Yes,Yes,4,3,3,2,3,3,3,9,10,10
Mousinho Da Silveira,Female,17,Urban,Greater Than 3,Living Together,5Th To 9Th Grade,5Th To 9Th Grade,Other,At Home,Home,Mother,Less Than 15 Min,5 To 10 Hours,0,No,No,No,Yes,Yes,Yes,No,Yes,3,4,3,1,1,3,8,10,11,12
Mousinho Da Silveira,Female,17,Rural,Greater Than 3,Living Together,Primary Education (4Th Grade),5Th To 9Th Grade,Other,Other,Course,Mother,Less Than 15 Min,Less Than 2 Hours,0,No,No,No,Yes,Yes,Yes,Yes,No,3,5,5,1,3,1,4,7,8,9
Mousinho Da Silveira,Female,18,Rural,Less Or Equal To 3,Living Together,Higher Education,Higher Education,Other,Other,Reputation,Mother,15 To 30 Min,5 To 10 Hours,0,No,No,No,No,Yes,Yes,Yes,No,5,4,4,1,1,1,0,15,17,17
Mousinho Da Silveira,Female,18,Rural,Greater Than 3,Living Together,Primary Education (4Th Grade),Primary Education (4Th Grade),Other,Other,Home,Mother,Greater Than 1 Hour,5 To 10 Hours,0,No,No,No,No,Yes,Yes,Yes,No,4,3,2,1,2,4,4,10,11,12
Mousinho Da Silveira,Female,19,Rural,Greater Than 3,Living Together,Primary Education (4Th Grade),Primary Education (4Th Grade),At Home,Other,Course,Other,15 To 30 Min,2 To 5 Hours,1,No,Yes,No,No,Yes,Yes,Yes,Yes,4,3,3,1,1,3,4,7,8,9
Mousinho Da Silveira,Female,18,Rural,Less Or Equal To 3,Living Together,Higher Education,Higher Education,Teacher,Services,Course,Mother,Less Than 15 Min,2 To 5 Hours,0,No,No,No,Yes,Yes,Yes,Yes,No,5,4,3,3,4,2,1,13,14,14
Mousinho Da Silveira,Female,18,Urban,Greater Than 3,Living Together,Secondary Education,Secondary Education,Other,Other,Home,Mother,Less Than 15 Min,2 To 5 Hours,0,No,No,No,No,Yes,Yes,Yes,Yes,4,1,3,1,2,1,1,16,16,16
Mousinho Da Silveira,Female,17,Rural,Greater Than 3,Living Together,Secondary Education,Primary Education (4Th Grade),At Home,Other,Reputation,Mother,Less Than 15 Min,2 To 5 Hours,0,No,Yes,No,Yes,No,Yes,Yes,No,4,5,4,2,3,1,10,8,9,9
Mousinho Da Silveira,Male,18,Urban,Greater Than 3,Living Together,Higher Education,Higher Education,Teacher,Teacher,Home,Father,Less Than 15 Min,2 To 5 Hours,0,No,No,No,Yes,No,Yes,Yes,No,3,2,4,1,4,2,4,17,18,19
Mousinho Da Silveira,Male,18,Rural,Greater Than 3,Living Together,5Th To 9Th Grade,Primary Education (4Th Grade),Other,Other,Other,Mother,15 To 30 Min,Less Than 2 Hours,0,No,No,No,Yes,No,Yes,Yes,Yes,4,4,3,1,3,5,0,7,7,0
Mousinho Da Silveira,Male,17,Urban,Greater Than 3,Living Together,5Th To 9Th Grade,Secondary Education,Other,Services,Home,Father,15 To 30 Min,2 To 5 Hours,0,No,No,No,Yes,Yes,Yes,Yes,No,4,4,3,1,1,3,4,14,15,16
Mousinho Da Silveira,Male,19,Rural,Greater Than 3,Living Together,Primary Education (4Th Grade),Primary Education (4Th Grade),Other,Services,Other,Mother,15 To 30 Min,Less Than 2 Hours,1,No,No,No,No,Yes,Yes,No,No,4,3,2,1,3,5,0,5,8,0
Mousinho Da Silveira,Male,18,Rural,Greater Than 3,Living Together,Higher Education,5Th To 9Th Grade,Other,Other,Home,Father,15 To 30 Min,Less Than 2 Hours,1,No,No,Yes,No,Yes,Yes,No,No,5,4,3,4,3,3,0,7,7,0
Mousinho Da Silveira,Female,18,Rural,Greater Than 3,Living Together,5Th To 9Th Grade,5Th To 9Th Grade,At Home,Other,Other,Mother,15 To 30 Min,5 To 10 Hours,0,No,No,No,No,Yes,Yes,No,No,5,3,3,1,3,4,0,14,17,15
Mousinho Da Silveira,Female,17,Urban,Greater Than 3,Living Together,Higher Education,Secondary Education,Teacher,Other,Other,Mother,15 To 30 Min,2 To 5 Hours,0,No,No,No,No,Yes,Yes,Yes,No,5,5,4,1,1,1,0,6,9,11
Mousinho Da Silveira,Female,18,Rural,Greater Than 3,Living Together,Higher Education,Higher Education,Teacher,At Home,Reputation,Mother,30 Min To 1 Hour,Less Than 2 Hours,0,No,Yes,No,Yes,Yes,Yes,Yes,Yes,4,4,3,2,2,5,4,7,9,10
Mousinho Da Silveira,Female,19,Rural,Greater Than 3,Living Together,5Th To 9Th Grade,Secondary Education,Services,Other,Course,Mother,Less Than 15 Min,5 To 10 Hours,1,No,No,No,Yes,No,Yes,Yes,No,5,4,2,1,2,5,4,10,11,10
Mousinho Da Silveira,Female,18,Urban,Less Or Equal To 3,Living Together,Secondary Education,Primary Education (4Th Grade),Teacher,Services,Course,Mother,Less Than 15 Min,2 To 5 Hours,0,No,Yes,No,No,Yes,Yes,Yes,No,4,3,4,1,1,1,4,15,15,16
Mousinho Da Silveira,Female,18,Urban,Greater Than 3,Living Together,Primary Education (4Th Grade),Primary Education (4Th Grade),Other,Other,Course,Mother,15 To 30 Min,2 To 5 Hours,0,No,No,No,Yes,Yes,Yes,No,No,1,1,1,1,1,5,6,11,12,9
Mousinho Da Silveira,Male,17,Urban,Less Or Equal To 3,Living Together,Secondary Education,Primary Education (4Th Grade),Services,Services,Course,Mother,15 To 30 Min,Less Than 2 Hours,0,No,No,No,No,No,Yes,Yes,No,2,4,5,3,4,2,6,10,10,10
Mousinho Da Silveira,Male,18,Rural,Less Or Equal To 3,Living Together,Secondary Education,5Th To 9Th Grade,Services,Other,Course,Mother,30 Min To 1 Hour,Less Than 2 Hours,0,No,No,No,No,No,Yes,Yes,No,4,4,1,3,4,5,4,10,11,11
